run_id,commit_sha,commit_message,status,conclusion,workflow_duration,job_name,job_duration,step_name,step_duration,test_count,test_failures,avg_test_time_ms,timestamp,commit_short,branch,run_number,run_attempt
27137337352,7e95d8073e0f6192f5a3228de46fe6fa6b3e9e04,chore: reexecucao final para validar metricas corrigidas,completed,success,39.0,lint,16.0,Set up job,1.0,47,2,39.68,2026-06-08T12:22:51Z,7e95d80,experimento-cicd,24,1
27137337352,7e95d8073e0f6192f5a3228de46fe6fa6b3e9e04,chore: reexecucao final para validar metricas corrigidas,completed,success,39.0,lint,16.0,Run actions/checkout@v4,1.0,47,2,39.68,2026-06-08T12:22:51Z,7e95d80,experimento-cicd,24,1
27137337352,7e95d8073e0f6192f5a3228de46fe6fa6b3e9e04,chore: reexecucao final para validar metricas corrigidas,completed,success,39.0,lint,16.0,Run actions/setup-python@v5,0.0,47,2,39.68,2026-06-08T12:22:51Z,7e95d80,experimento-cicd,24,1
27137337352,7e95d8073e0f6192f5a3228de46fe6fa6b3e9e04,chore: reexecucao final para validar metricas corrigidas,completed,success,39.0,lint,16.0,Run actions/cache@v4,1.0,47,2,39.68,2026-06-08T12:22:51Z,7e95d80,experimento-cicd,24,1
27137337352,7e95d8073e0f6192f5a3228de46fe6fa6b3e9e04,chore: reexecucao final para validar metricas corrigidas,completed,success,39.0,lint,16.0,Instalar dependencias,8.0,47,2,39.68,2026-06-08T12:22:51Z,7e95d80,experimento-cicd,24,1
27137337352,7e95d8073e0f6192f5a3228de46fe6fa6b3e9e04,chore: reexecucao final para validar metricas corrigidas,completed,success,39.0,lint,16.0,Executar flake8,0.0,47,2,39.68,2026-06-08T12:22:51Z,7e95d80,experimento-cicd,24,1
27137337352,7e95d8073e0f6192f5a3228de46fe6fa6b3e9e04,chore: reexecucao final para validar metricas corrigidas,completed,success,39.0,lint,16.0,Post Run actions/cache@v4,1.0,47,2,39.68,2026-06-08T12:22:51Z,7e95d80,experimento-cicd,24,1
27137337352,7e95d8073e0f6192f5a3228de46fe6fa6b3e9e04,chore: reexecucao final para validar metricas corrigidas,completed,success,39.0,lint,16.0,Post Run actions/setup-python@v5,0.0,47,2,39.68,2026-06-08T12:22:51Z,7e95d80,experimento-cicd,24,1
27137337352,7e95d8073e0f6192f5a3228de46fe6fa6b3e9e04,chore: reexecucao final para validar metricas corrigidas,completed,success,39.0,lint,16.0,Post Run actions/checkout@v4,0.0,47,2,39.68,2026-06-08T12:22:51Z,7e95d80,experimento-cicd,24,1
27137337352,7e95d8073e0f6192f5a3228de46fe6fa6b3e9e04,chore: reexecucao final para validar metricas corrigidas,completed,success,39.0,lint,16.0,Complete job,0.0,47,2,39.68,2026-06-08T12:22:51Z,7e95d80,experimento-cicd,24,1
27137337352,7e95d8073e0f6192f5a3228de46fe6fa6b3e9e04,chore: reexecucao final para validar metricas corrigidas,completed,success,39.0,test,18.0,Set up job,2.0,47,2,39.68,2026-06-08T12:22:51Z,7e95d80,experimento-cicd,24,1
27137337352,7e95d8073e0f6192f5a3228de46fe6fa6b3e9e04,chore: reexecucao final para validar metricas corrigidas,completed,success,39.0,test,18.0,Run actions/checkout@v4,0.0,47,2,39.68,2026-06-08T12:22:51Z,7e95d80,experimento-cicd,24,1
27137337352,7e95d8073e0f6192f5a3228de46fe6fa6b3e9e04,chore: reexecucao final para validar metricas corrigidas,completed,success,39.0,test,18.0,Run actions/setup-python@v5,0.0,47,2,39.68,2026-06-08T12:22:51Z,7e95d80,experimento-cicd,24,1
27137337352,7e95d8073e0f6192f5a3228de46fe6fa6b3e9e04,chore: reexecucao final para validar metricas corrigidas,completed,success,39.0,test,18.0,Run actions/cache@v4,1.0,47,2,39.68,2026-06-08T12:22:51Z,7e95d80,experimento-cicd,24,1
27137337352,7e95d8073e0f6192f5a3228de46fe6fa6b3e9e04,chore: reexecucao final para validar metricas corrigidas,completed,success,39.0,test,18.0,Instalar dependencias,9.0,47,2,39.68,2026-06-08T12:22:51Z,7e95d80,experimento-cicd,24,1
27137337352,7e95d8073e0f6192f5a3228de46fe6fa6b3e9e04,chore: reexecucao final para validar metricas corrigidas,completed,success,39.0,test,18.0,Executar testes,4.0,47,2,39.68,2026-06-08T12:22:51Z,7e95d80,experimento-cicd,24,1
27137337352,7e95d8073e0f6192f5a3228de46fe6fa6b3e9e04,chore: reexecucao final para validar metricas corrigidas,completed,success,39.0,test,18.0,Gerar metricas dos testes,0.0,47,2,39.68,2026-06-08T12:22:51Z,7e95d80,experimento-cicd,24,1
27137337352,7e95d8073e0f6192f5a3228de46fe6fa6b3e9e04,chore: reexecucao final para validar metricas corrigidas,completed,success,39.0,test,18.0,Upload artefato de testes,0.0,47,2,39.68,2026-06-08T12:22:51Z,7e95d80,experimento-cicd,24,1
27137337352,7e95d8073e0f6192f5a3228de46fe6fa6b3e9e04,chore: reexecucao final para validar metricas corrigidas,completed,success,39.0,test,18.0,Post Run actions/cache@v4,0.0,47,2,39.68,2026-06-08T12:22:51Z,7e95d80,experimento-cicd,24,1
27137337352,7e95d8073e0f6192f5a3228de46fe6fa6b3e9e04,chore: reexecucao final para validar metricas corrigidas,completed,success,39.0,test,18.0,Post Run actions/setup-python@v5,1.0,47,2,39.68,2026-06-08T12:22:51Z,7e95d80,experimento-cicd,24,1
27137337352,7e95d8073e0f6192f5a3228de46fe6fa6b3e9e04,chore: reexecucao final para validar metricas corrigidas,completed,success,39.0,test,18.0,Post Run actions/checkout@v4,0.0,47,2,39.68,2026-06-08T12:22:51Z,7e95d80,experimento-cicd,24,1
27137337352,7e95d8073e0f6192f5a3228de46fe6fa6b3e9e04,chore: reexecucao final para validar metricas corrigidas,completed,success,39.0,test,18.0,Complete job,0.0,47,2,39.68,2026-06-08T12:22:51Z,7e95d80,experimento-cicd,24,1
27137331806,8d9f82c6169a9eb338199438360db5aa2438f5b8,fix: corrigir coleta de metricas de teste usando JUnit XML,completed,success,40.0,lint,13.0,Set up job,1.0,47,2,38.3,2026-06-08T12:22:45Z,8d9f82c,experimento-cicd,23,1
27137331806,8d9f82c6169a9eb338199438360db5aa2438f5b8,fix: corrigir coleta de metricas de teste usando JUnit XML,completed,success,40.0,lint,13.0,Run actions/checkout@v4,1.0,47,2,38.3,2026-06-08T12:22:45Z,8d9f82c,experimento-cicd,23,1
27137331806,8d9f82c6169a9eb338199438360db5aa2438f5b8,fix: corrigir coleta de metricas de teste usando JUnit XML,completed,success,40.0,lint,13.0,Run actions/setup-python@v5,0.0,47,2,38.3,2026-06-08T12:22:45Z,8d9f82c,experimento-cicd,23,1
27137331806,8d9f82c6169a9eb338199438360db5aa2438f5b8,fix: corrigir coleta de metricas de teste usando JUnit XML,completed,success,40.0,lint,13.0,Run actions/cache@v4,1.0,47,2,38.3,2026-06-08T12:22:45Z,8d9f82c,experimento-cicd,23,1
27137331806,8d9f82c6169a9eb338199438360db5aa2438f5b8,fix: corrigir coleta de metricas de teste usando JUnit XML,completed,success,40.0,lint,13.0,Instalar dependencias,8.0,47,2,38.3,2026-06-08T12:22:45Z,8d9f82c,experimento-cicd,23,1
27137331806,8d9f82c6169a9eb338199438360db5aa2438f5b8,fix: corrigir coleta de metricas de teste usando JUnit XML,completed,success,40.0,lint,13.0,Executar flake8,0.0,47,2,38.3,2026-06-08T12:22:45Z,8d9f82c,experimento-cicd,23,1
27137331806,8d9f82c6169a9eb338199438360db5aa2438f5b8,fix: corrigir coleta de metricas de teste usando JUnit XML,completed,success,40.0,lint,13.0,Post Run actions/cache@v4,0.0,47,2,38.3,2026-06-08T12:22:45Z,8d9f82c,experimento-cicd,23,1
27137331806,8d9f82c6169a9eb338199438360db5aa2438f5b8,fix: corrigir coleta de metricas de teste usando JUnit XML,completed,success,40.0,lint,13.0,Post Run actions/setup-python@v5,0.0,47,2,38.3,2026-06-08T12:22:45Z,8d9f82c,experimento-cicd,23,1
27137331806,8d9f82c6169a9eb338199438360db5aa2438f5b8,fix: corrigir coleta de metricas de teste usando JUnit XML,completed,success,40.0,lint,13.0,Post Run actions/checkout@v4,0.0,47,2,38.3,2026-06-08T12:22:45Z,8d9f82c,experimento-cicd,23,1
27137331806,8d9f82c6169a9eb338199438360db5aa2438f5b8,fix: corrigir coleta de metricas de teste usando JUnit XML,completed,success,40.0,lint,13.0,Complete job,0.0,47,2,38.3,2026-06-08T12:22:45Z,8d9f82c,experimento-cicd,23,1
27137331806,8d9f82c6169a9eb338199438360db5aa2438f5b8,fix: corrigir coleta de metricas de teste usando JUnit XML,completed,success,40.0,test,21.0,Set up job,1.0,47,2,38.3,2026-06-08T12:22:45Z,8d9f82c,experimento-cicd,23,1
27137331806,8d9f82c6169a9eb338199438360db5aa2438f5b8,fix: corrigir coleta de metricas de teste usando JUnit XML,completed,success,40.0,test,21.0,Run actions/checkout@v4,0.0,47,2,38.3,2026-06-08T12:22:45Z,8d9f82c,experimento-cicd,23,1
27137331806,8d9f82c6169a9eb338199438360db5aa2438f5b8,fix: corrigir coleta de metricas de teste usando JUnit XML,completed,success,40.0,test,21.0,Run actions/setup-python@v5,0.0,47,2,38.3,2026-06-08T12:22:45Z,8d9f82c,experimento-cicd,23,1
27137331806,8d9f82c6169a9eb338199438360db5aa2438f5b8,fix: corrigir coleta de metricas de teste usando JUnit XML,completed,success,40.0,test,21.0,Run actions/cache@v4,2.0,47,2,38.3,2026-06-08T12:22:45Z,8d9f82c,experimento-cicd,23,1
27137331806,8d9f82c6169a9eb338199438360db5aa2438f5b8,fix: corrigir coleta de metricas de teste usando JUnit XML,completed,success,40.0,test,21.0,Instalar dependencias,10.0,47,2,38.3,2026-06-08T12:22:45Z,8d9f82c,experimento-cicd,23,1
27137331806,8d9f82c6169a9eb338199438360db5aa2438f5b8,fix: corrigir coleta de metricas de teste usando JUnit XML,completed,success,40.0,test,21.0,Executar testes,3.0,47,2,38.3,2026-06-08T12:22:45Z,8d9f82c,experimento-cicd,23,1
27137331806,8d9f82c6169a9eb338199438360db5aa2438f5b8,fix: corrigir coleta de metricas de teste usando JUnit XML,completed,success,40.0,test,21.0,Gerar metricas dos testes,0.0,47,2,38.3,2026-06-08T12:22:45Z,8d9f82c,experimento-cicd,23,1
27137331806,8d9f82c6169a9eb338199438360db5aa2438f5b8,fix: corrigir coleta de metricas de teste usando JUnit XML,completed,success,40.0,test,21.0,Upload artefato de testes,1.0,47,2,38.3,2026-06-08T12:22:45Z,8d9f82c,experimento-cicd,23,1
27137331806,8d9f82c6169a9eb338199438360db5aa2438f5b8,fix: corrigir coleta de metricas de teste usando JUnit XML,completed,success,40.0,test,21.0,Post Run actions/cache@v4,1.0,47,2,38.3,2026-06-08T12:22:45Z,8d9f82c,experimento-cicd,23,1
27137331806,8d9f82c6169a9eb338199438360db5aa2438f5b8,fix: corrigir coleta de metricas de teste usando JUnit XML,completed,success,40.0,test,21.0,Post Run actions/setup-python@v5,0.0,47,2,38.3,2026-06-08T12:22:45Z,8d9f82c,experimento-cicd,23,1
27137331806,8d9f82c6169a9eb338199438360db5aa2438f5b8,fix: corrigir coleta de metricas de teste usando JUnit XML,completed,success,40.0,test,21.0,Post Run actions/checkout@v4,0.0,47,2,38.3,2026-06-08T12:22:45Z,8d9f82c,experimento-cicd,23,1
27137331806,8d9f82c6169a9eb338199438360db5aa2438f5b8,fix: corrigir coleta de metricas de teste usando JUnit XML,completed,success,40.0,test,21.0,Complete job,0.0,47,2,38.3,2026-06-08T12:22:45Z,8d9f82c,experimento-cicd,23,1
27132657390,4398d2868b23ecb2c9afc748f7cd7a53db964e8d,ci: restaurar sequencial e remover lentos - estado final limpo,completed,success,43.0,lint,18.0,Set up job,1.0,2,2,815.0,2026-06-08T10:50:36Z,4398d28,experimento-cicd,22,1
27132657390,4398d2868b23ecb2c9afc748f7cd7a53db964e8d,ci: restaurar sequencial e remover lentos - estado final limpo,completed,success,43.0,lint,18.0,Run actions/checkout@v4,1.0,2,2,815.0,2026-06-08T10:50:36Z,4398d28,experimento-cicd,22,1
27132657390,4398d2868b23ecb2c9afc748f7cd7a53db964e8d,ci: restaurar sequencial e remover lentos - estado final limpo,completed,success,43.0,lint,18.0,Run actions/setup-python@v5,0.0,2,2,815.0,2026-06-08T10:50:36Z,4398d28,experimento-cicd,22,1
27132657390,4398d2868b23ecb2c9afc748f7cd7a53db964e8d,ci: restaurar sequencial e remover lentos - estado final limpo,completed,success,43.0,lint,18.0,Run actions/cache@v4,2.0,2,2,815.0,2026-06-08T10:50:36Z,4398d28,experimento-cicd,22,1
27132657390,4398d2868b23ecb2c9afc748f7cd7a53db964e8d,ci: restaurar sequencial e remover lentos - estado final limpo,completed,success,43.0,lint,18.0,Instalar dependencias,9.0,2,2,815.0,2026-06-08T10:50:36Z,4398d28,experimento-cicd,22,1
27132657390,4398d2868b23ecb2c9afc748f7cd7a53db964e8d,ci: restaurar sequencial e remover lentos - estado final limpo,completed,success,43.0,lint,18.0,Executar flake8,1.0,2,2,815.0,2026-06-08T10:50:36Z,4398d28,experimento-cicd,22,1
27132657390,4398d2868b23ecb2c9afc748f7cd7a53db964e8d,ci: restaurar sequencial e remover lentos - estado final limpo,completed,success,43.0,lint,18.0,Post Run actions/cache@v4,0.0,2,2,815.0,2026-06-08T10:50:36Z,4398d28,experimento-cicd,22,1
27132657390,4398d2868b23ecb2c9afc748f7cd7a53db964e8d,ci: restaurar sequencial e remover lentos - estado final limpo,completed,success,43.0,lint,18.0,Post Run actions/setup-python@v5,0.0,2,2,815.0,2026-06-08T10:50:36Z,4398d28,experimento-cicd,22,1
27132657390,4398d2868b23ecb2c9afc748f7cd7a53db964e8d,ci: restaurar sequencial e remover lentos - estado final limpo,completed,success,43.0,lint,18.0,Post Run actions/checkout@v4,0.0,2,2,815.0,2026-06-08T10:50:36Z,4398d28,experimento-cicd,22,1
27132657390,4398d2868b23ecb2c9afc748f7cd7a53db964e8d,ci: restaurar sequencial e remover lentos - estado final limpo,completed,success,43.0,lint,18.0,Complete job,0.0,2,2,815.0,2026-06-08T10:50:36Z,4398d28,experimento-cicd,22,1
27132657390,4398d2868b23ecb2c9afc748f7cd7a53db964e8d,ci: restaurar sequencial e remover lentos - estado final limpo,completed,success,43.0,test,20.0,Set up job,1.0,2,2,815.0,2026-06-08T10:50:36Z,4398d28,experimento-cicd,22,1
27132657390,4398d2868b23ecb2c9afc748f7cd7a53db964e8d,ci: restaurar sequencial e remover lentos - estado final limpo,completed,success,43.0,test,20.0,Run actions/checkout@v4,0.0,2,2,815.0,2026-06-08T10:50:36Z,4398d28,experimento-cicd,22,1
27132657390,4398d2868b23ecb2c9afc748f7cd7a53db964e8d,ci: restaurar sequencial e remover lentos - estado final limpo,completed,success,43.0,test,20.0,Run actions/setup-python@v5,0.0,2,2,815.0,2026-06-08T10:50:36Z,4398d28,experimento-cicd,22,1
27132657390,4398d2868b23ecb2c9afc748f7cd7a53db964e8d,ci: restaurar sequencial e remover lentos - estado final limpo,completed,success,43.0,test,20.0,Run actions/cache@v4,1.0,2,2,815.0,2026-06-08T10:50:36Z,4398d28,experimento-cicd,22,1
27132657390,4398d2868b23ecb2c9afc748f7cd7a53db964e8d,ci: restaurar sequencial e remover lentos - estado final limpo,completed,success,43.0,test,20.0,Instalar dependencias,8.0,2,2,815.0,2026-06-08T10:50:36Z,4398d28,experimento-cicd,22,1
27132657390,4398d2868b23ecb2c9afc748f7cd7a53db964e8d,ci: restaurar sequencial e remover lentos - estado final limpo,completed,success,43.0,test,20.0,Executar testes com JSON,7.0,2,2,815.0,2026-06-08T10:50:36Z,4398d28,experimento-cicd,22,1
27132657390,4398d2868b23ecb2c9afc748f7cd7a53db964e8d,ci: restaurar sequencial e remover lentos - estado final limpo,completed,success,43.0,test,20.0,Upload artefato de testes,0.0,2,2,815.0,2026-06-08T10:50:36Z,4398d28,experimento-cicd,22,1
27132657390,4398d2868b23ecb2c9afc748f7cd7a53db964e8d,ci: restaurar sequencial e remover lentos - estado final limpo,completed,success,43.0,test,20.0,Post Run actions/cache@v4,0.0,2,2,815.0,2026-06-08T10:50:36Z,4398d28,experimento-cicd,22,1
27132657390,4398d2868b23ecb2c9afc748f7cd7a53db964e8d,ci: restaurar sequencial e remover lentos - estado final limpo,completed,success,43.0,test,20.0,Post Run actions/setup-python@v5,1.0,2,2,815.0,2026-06-08T10:50:36Z,4398d28,experimento-cicd,22,1
27132657390,4398d2868b23ecb2c9afc748f7cd7a53db964e8d,ci: restaurar sequencial e remover lentos - estado final limpo,completed,success,43.0,test,20.0,Post Run actions/checkout@v4,0.0,2,2,815.0,2026-06-08T10:50:36Z,4398d28,experimento-cicd,22,1
27132657390,4398d2868b23ecb2c9afc748f7cd7a53db964e8d,ci: restaurar sequencial e remover lentos - estado final limpo,completed,success,43.0,test,20.0,Complete job,0.0,2,2,815.0,2026-06-08T10:50:36Z,4398d28,experimento-cicd,22,1
27132647106,4a5f1238b913d5b36ad66abc9d83ca0b477c0377,ci: jobs paralelos (lint e test independentes) com lint corrigido,completed,success,32.0,lint,16.0,Set up job,1.0,2,2,2015.0,2026-06-08T10:50:23Z,4a5f123,experimento-cicd,21,1
27132647106,4a5f1238b913d5b36ad66abc9d83ca0b477c0377,ci: jobs paralelos (lint e test independentes) com lint corrigido,completed,success,32.0,lint,16.0,Run actions/checkout@v4,1.0,2,2,2015.0,2026-06-08T10:50:23Z,4a5f123,experimento-cicd,21,1
27132647106,4a5f1238b913d5b36ad66abc9d83ca0b477c0377,ci: jobs paralelos (lint e test independentes) com lint corrigido,completed,success,32.0,lint,16.0,Run actions/setup-python@v5,0.0,2,2,2015.0,2026-06-08T10:50:23Z,4a5f123,experimento-cicd,21,1
27132647106,4a5f1238b913d5b36ad66abc9d83ca0b477c0377,ci: jobs paralelos (lint e test independentes) com lint corrigido,completed,success,32.0,lint,16.0,Run actions/cache@v4,1.0,2,2,2015.0,2026-06-08T10:50:23Z,4a5f123,experimento-cicd,21,1
27132647106,4a5f1238b913d5b36ad66abc9d83ca0b477c0377,ci: jobs paralelos (lint e test independentes) com lint corrigido,completed,success,32.0,lint,16.0,Instalar dependencias,9.0,2,2,2015.0,2026-06-08T10:50:23Z,4a5f123,experimento-cicd,21,1
27132647106,4a5f1238b913d5b36ad66abc9d83ca0b477c0377,ci: jobs paralelos (lint e test independentes) com lint corrigido,completed,success,32.0,lint,16.0,Executar flake8,0.0,2,2,2015.0,2026-06-08T10:50:23Z,4a5f123,experimento-cicd,21,1
27132647106,4a5f1238b913d5b36ad66abc9d83ca0b477c0377,ci: jobs paralelos (lint e test independentes) com lint corrigido,completed,success,32.0,lint,16.0,Post Run actions/cache@v4,1.0,2,2,2015.0,2026-06-08T10:50:23Z,4a5f123,experimento-cicd,21,1
27132647106,4a5f1238b913d5b36ad66abc9d83ca0b477c0377,ci: jobs paralelos (lint e test independentes) com lint corrigido,completed,success,32.0,lint,16.0,Post Run actions/setup-python@v5,0.0,2,2,2015.0,2026-06-08T10:50:23Z,4a5f123,experimento-cicd,21,1
27132647106,4a5f1238b913d5b36ad66abc9d83ca0b477c0377,ci: jobs paralelos (lint e test independentes) com lint corrigido,completed,success,32.0,lint,16.0,Post Run actions/checkout@v4,0.0,2,2,2015.0,2026-06-08T10:50:23Z,4a5f123,experimento-cicd,21,1
27132647106,4a5f1238b913d5b36ad66abc9d83ca0b477c0377,ci: jobs paralelos (lint e test independentes) com lint corrigido,completed,success,32.0,lint,16.0,Complete job,0.0,2,2,2015.0,2026-06-08T10:50:23Z,4a5f123,experimento-cicd,21,1
27132647106,4a5f1238b913d5b36ad66abc9d83ca0b477c0377,ci: jobs paralelos (lint e test independentes) com lint corrigido,completed,success,32.0,test,29.0,Set up job,2.0,2,2,2015.0,2026-06-08T10:50:23Z,4a5f123,experimento-cicd,21,1
27132647106,4a5f1238b913d5b36ad66abc9d83ca0b477c0377,ci: jobs paralelos (lint e test independentes) com lint corrigido,completed,success,32.0,test,29.0,Run actions/checkout@v4,0.0,2,2,2015.0,2026-06-08T10:50:23Z,4a5f123,experimento-cicd,21,1
27132647106,4a5f1238b913d5b36ad66abc9d83ca0b477c0377,ci: jobs paralelos (lint e test independentes) com lint corrigido,completed,success,32.0,test,29.0,Run actions/setup-python@v5,1.0,2,2,2015.0,2026-06-08T10:50:23Z,4a5f123,experimento-cicd,21,1
27132647106,4a5f1238b913d5b36ad66abc9d83ca0b477c0377,ci: jobs paralelos (lint e test independentes) com lint corrigido,completed,success,32.0,test,29.0,Run actions/cache@v4,1.0,2,2,2015.0,2026-06-08T10:50:23Z,4a5f123,experimento-cicd,21,1
27132647106,4a5f1238b913d5b36ad66abc9d83ca0b477c0377,ci: jobs paralelos (lint e test independentes) com lint corrigido,completed,success,32.0,test,29.0,Instalar dependencias,9.0,2,2,2015.0,2026-06-08T10:50:23Z,4a5f123,experimento-cicd,21,1
27132647106,4a5f1238b913d5b36ad66abc9d83ca0b477c0377,ci: jobs paralelos (lint e test independentes) com lint corrigido,completed,success,32.0,test,29.0,Executar testes com JSON,12.0,2,2,2015.0,2026-06-08T10:50:23Z,4a5f123,experimento-cicd,21,1
27132647106,4a5f1238b913d5b36ad66abc9d83ca0b477c0377,ci: jobs paralelos (lint e test independentes) com lint corrigido,completed,success,32.0,test,29.0,Upload artefato de testes,1.0,2,2,2015.0,2026-06-08T10:50:23Z,4a5f123,experimento-cicd,21,1
27132647106,4a5f1238b913d5b36ad66abc9d83ca0b477c0377,ci: jobs paralelos (lint e test independentes) com lint corrigido,completed,success,32.0,test,29.0,Post Run actions/cache@v4,0.0,2,2,2015.0,2026-06-08T10:50:23Z,4a5f123,experimento-cicd,21,1
27132647106,4a5f1238b913d5b36ad66abc9d83ca0b477c0377,ci: jobs paralelos (lint e test independentes) com lint corrigido,completed,success,32.0,test,29.0,Post Run actions/setup-python@v5,0.0,2,2,2015.0,2026-06-08T10:50:23Z,4a5f123,experimento-cicd,21,1
27132647106,4a5f1238b913d5b36ad66abc9d83ca0b477c0377,ci: jobs paralelos (lint e test independentes) com lint corrigido,completed,success,32.0,test,29.0,Post Run actions/checkout@v4,0.0,2,2,2015.0,2026-06-08T10:50:23Z,4a5f123,experimento-cicd,21,1
27132647106,4a5f1238b913d5b36ad66abc9d83ca0b477c0377,ci: jobs paralelos (lint e test independentes) com lint corrigido,completed,success,32.0,test,29.0,Complete job,0.0,2,2,2015.0,2026-06-08T10:50:23Z,4a5f123,experimento-cicd,21,1
27132632220,69672f59b938e47da609b5d72706a52caf8ec235,test: reintroduzir 5 testes lentos para medir impacto de duracao,completed,success,49.0,lint,15.0,Set up job,1.0,2,2,2120.0,2026-06-08T10:50:05Z,69672f5,experimento-cicd,20,1
27132632220,69672f59b938e47da609b5d72706a52caf8ec235,test: reintroduzir 5 testes lentos para medir impacto de duracao,completed,success,49.0,lint,15.0,Run actions/checkout@v4,0.0,2,2,2120.0,2026-06-08T10:50:05Z,69672f5,experimento-cicd,20,1
27132632220,69672f59b938e47da609b5d72706a52caf8ec235,test: reintroduzir 5 testes lentos para medir impacto de duracao,completed,success,49.0,lint,15.0,Run actions/setup-python@v5,1.0,2,2,2120.0,2026-06-08T10:50:05Z,69672f5,experimento-cicd,20,1
27132632220,69672f59b938e47da609b5d72706a52caf8ec235,test: reintroduzir 5 testes lentos para medir impacto de duracao,completed,success,49.0,lint,15.0,Run actions/cache@v4,0.0,2,2,2120.0,2026-06-08T10:50:05Z,69672f5,experimento-cicd,20,1
27132632220,69672f59b938e47da609b5d72706a52caf8ec235,test: reintroduzir 5 testes lentos para medir impacto de duracao,completed,success,49.0,lint,15.0,Instalar dependencias,9.0,2,2,2120.0,2026-06-08T10:50:05Z,69672f5,experimento-cicd,20,1
27132632220,69672f59b938e47da609b5d72706a52caf8ec235,test: reintroduzir 5 testes lentos para medir impacto de duracao,completed,success,49.0,lint,15.0,Executar flake8,1.0,2,2,2120.0,2026-06-08T10:50:05Z,69672f5,experimento-cicd,20,1
27132632220,69672f59b938e47da609b5d72706a52caf8ec235,test: reintroduzir 5 testes lentos para medir impacto de duracao,completed,success,49.0,lint,15.0,Post Run actions/cache@v4,0.0,2,2,2120.0,2026-06-08T10:50:05Z,69672f5,experimento-cicd,20,1
27132632220,69672f59b938e47da609b5d72706a52caf8ec235,test: reintroduzir 5 testes lentos para medir impacto de duracao,completed,success,49.0,lint,15.0,Post Run actions/setup-python@v5,0.0,2,2,2120.0,2026-06-08T10:50:05Z,69672f5,experimento-cicd,20,1
27132632220,69672f59b938e47da609b5d72706a52caf8ec235,test: reintroduzir 5 testes lentos para medir impacto de duracao,completed,success,49.0,lint,15.0,Post Run actions/checkout@v4,1.0,2,2,2120.0,2026-06-08T10:50:05Z,69672f5,experimento-cicd,20,1
27132632220,69672f59b938e47da609b5d72706a52caf8ec235,test: reintroduzir 5 testes lentos para medir impacto de duracao,completed,success,49.0,lint,15.0,Complete job,0.0,2,2,2120.0,2026-06-08T10:50:05Z,69672f5,experimento-cicd,20,1
27132632220,69672f59b938e47da609b5d72706a52caf8ec235,test: reintroduzir 5 testes lentos para medir impacto de duracao,completed,success,49.0,test,29.0,Set up job,2.0,2,2,2120.0,2026-06-08T10:50:05Z,69672f5,experimento-cicd,20,1
27132632220,69672f59b938e47da609b5d72706a52caf8ec235,test: reintroduzir 5 testes lentos para medir impacto de duracao,completed,success,49.0,test,29.0,Run actions/checkout@v4,0.0,2,2,2120.0,2026-06-08T10:50:05Z,69672f5,experimento-cicd,20,1
27132632220,69672f59b938e47da609b5d72706a52caf8ec235,test: reintroduzir 5 testes lentos para medir impacto de duracao,completed,success,49.0,test,29.0,Run actions/setup-python@v5,1.0,2,2,2120.0,2026-06-08T10:50:05Z,69672f5,experimento-cicd,20,1
27132632220,69672f59b938e47da609b5d72706a52caf8ec235,test: reintroduzir 5 testes lentos para medir impacto de duracao,completed,success,49.0,test,29.0,Run actions/cache@v4,2.0,2,2,2120.0,2026-06-08T10:50:05Z,69672f5,experimento-cicd,20,1
27132632220,69672f59b938e47da609b5d72706a52caf8ec235,test: reintroduzir 5 testes lentos para medir impacto de duracao,completed,success,49.0,test,29.0,Instalar dependencias,7.0,2,2,2120.0,2026-06-08T10:50:05Z,69672f5,experimento-cicd,20,1
27132632220,69672f59b938e47da609b5d72706a52caf8ec235,test: reintroduzir 5 testes lentos para medir impacto de duracao,completed,success,49.0,test,29.0,Executar testes com JSON,12.0,2,2,2120.0,2026-06-08T10:50:05Z,69672f5,experimento-cicd,20,1
27132632220,69672f59b938e47da609b5d72706a52caf8ec235,test: reintroduzir 5 testes lentos para medir impacto de duracao,completed,success,49.0,test,29.0,Upload artefato de testes,1.0,2,2,2120.0,2026-06-08T10:50:05Z,69672f5,experimento-cicd,20,1
27132632220,69672f59b938e47da609b5d72706a52caf8ec235,test: reintroduzir 5 testes lentos para medir impacto de duracao,completed,success,49.0,test,29.0,Post Run actions/cache@v4,0.0,2,2,2120.0,2026-06-08T10:50:05Z,69672f5,experimento-cicd,20,1
27132632220,69672f59b938e47da609b5d72706a52caf8ec235,test: reintroduzir 5 testes lentos para medir impacto de duracao,completed,success,49.0,test,29.0,Post Run actions/setup-python@v5,0.0,2,2,2120.0,2026-06-08T10:50:05Z,69672f5,experimento-cicd,20,1
27132632220,69672f59b938e47da609b5d72706a52caf8ec235,test: reintroduzir 5 testes lentos para medir impacto de duracao,completed,success,49.0,test,29.0,Post Run actions/checkout@v4,0.0,2,2,2120.0,2026-06-08T10:50:05Z,69672f5,experimento-cicd,20,1
27132632220,69672f59b938e47da609b5d72706a52caf8ec235,test: reintroduzir 5 testes lentos para medir impacto de duracao,completed,success,49.0,test,29.0,Complete job,0.0,2,2,2120.0,2026-06-08T10:50:05Z,69672f5,experimento-cicd,20,1
27132621660,9538fd4af7a50532b5483d1ebe6a9d0e0a78b1c3,test: adicionar 10 testes extras de string para medir volume,completed,success,42.0,lint,16.0,Set up job,1.0,2,2,710.0,2026-06-08T10:49:52Z,9538fd4,experimento-cicd,19,1
27132621660,9538fd4af7a50532b5483d1ebe6a9d0e0a78b1c3,test: adicionar 10 testes extras de string para medir volume,completed,success,42.0,lint,16.0,Run actions/checkout@v4,0.0,2,2,710.0,2026-06-08T10:49:52Z,9538fd4,experimento-cicd,19,1
27132621660,9538fd4af7a50532b5483d1ebe6a9d0e0a78b1c3,test: adicionar 10 testes extras de string para medir volume,completed,success,42.0,lint,16.0,Run actions/setup-python@v5,1.0,2,2,710.0,2026-06-08T10:49:52Z,9538fd4,experimento-cicd,19,1
27132621660,9538fd4af7a50532b5483d1ebe6a9d0e0a78b1c3,test: adicionar 10 testes extras de string para medir volume,completed,success,42.0,lint,16.0,Run actions/cache@v4,2.0,2,2,710.0,2026-06-08T10:49:52Z,9538fd4,experimento-cicd,19,1
27132621660,9538fd4af7a50532b5483d1ebe6a9d0e0a78b1c3,test: adicionar 10 testes extras de string para medir volume,completed,success,42.0,lint,16.0,Instalar dependencias,7.0,2,2,710.0,2026-06-08T10:49:52Z,9538fd4,experimento-cicd,19,1
27132621660,9538fd4af7a50532b5483d1ebe6a9d0e0a78b1c3,test: adicionar 10 testes extras de string para medir volume,completed,success,42.0,lint,16.0,Executar flake8,1.0,2,2,710.0,2026-06-08T10:49:52Z,9538fd4,experimento-cicd,19,1
27132621660,9538fd4af7a50532b5483d1ebe6a9d0e0a78b1c3,test: adicionar 10 testes extras de string para medir volume,completed,success,42.0,lint,16.0,Post Run actions/cache@v4,0.0,2,2,710.0,2026-06-08T10:49:52Z,9538fd4,experimento-cicd,19,1
27132621660,9538fd4af7a50532b5483d1ebe6a9d0e0a78b1c3,test: adicionar 10 testes extras de string para medir volume,completed,success,42.0,lint,16.0,Post Run actions/setup-python@v5,0.0,2,2,710.0,2026-06-08T10:49:52Z,9538fd4,experimento-cicd,19,1
27132621660,9538fd4af7a50532b5483d1ebe6a9d0e0a78b1c3,test: adicionar 10 testes extras de string para medir volume,completed,success,42.0,lint,16.0,Post Run actions/checkout@v4,0.0,2,2,710.0,2026-06-08T10:49:52Z,9538fd4,experimento-cicd,19,1
27132621660,9538fd4af7a50532b5483d1ebe6a9d0e0a78b1c3,test: adicionar 10 testes extras de string para medir volume,completed,success,42.0,lint,16.0,Complete job,0.0,2,2,710.0,2026-06-08T10:49:52Z,9538fd4,experimento-cicd,19,1
27132621660,9538fd4af7a50532b5483d1ebe6a9d0e0a78b1c3,test: adicionar 10 testes extras de string para medir volume,completed,success,42.0,test,21.0,Set up job,1.0,2,2,710.0,2026-06-08T10:49:52Z,9538fd4,experimento-cicd,19,1
27132621660,9538fd4af7a50532b5483d1ebe6a9d0e0a78b1c3,test: adicionar 10 testes extras de string para medir volume,completed,success,42.0,test,21.0,Run actions/checkout@v4,1.0,2,2,710.0,2026-06-08T10:49:52Z,9538fd4,experimento-cicd,19,1
27132621660,9538fd4af7a50532b5483d1ebe6a9d0e0a78b1c3,test: adicionar 10 testes extras de string para medir volume,completed,success,42.0,test,21.0,Run actions/setup-python@v5,0.0,2,2,710.0,2026-06-08T10:49:52Z,9538fd4,experimento-cicd,19,1
27132621660,9538fd4af7a50532b5483d1ebe6a9d0e0a78b1c3,test: adicionar 10 testes extras de string para medir volume,completed,success,42.0,test,21.0,Run actions/cache@v4,1.0,2,2,710.0,2026-06-08T10:49:52Z,9538fd4,experimento-cicd,19,1
27132621660,9538fd4af7a50532b5483d1ebe6a9d0e0a78b1c3,test: adicionar 10 testes extras de string para medir volume,completed,success,42.0,test,21.0,Instalar dependencias,7.0,2,2,710.0,2026-06-08T10:49:52Z,9538fd4,experimento-cicd,19,1
27132621660,9538fd4af7a50532b5483d1ebe6a9d0e0a78b1c3,test: adicionar 10 testes extras de string para medir volume,completed,success,42.0,test,21.0,Executar testes com JSON,6.0,2,2,710.0,2026-06-08T10:49:52Z,9538fd4,experimento-cicd,19,1
27132621660,9538fd4af7a50532b5483d1ebe6a9d0e0a78b1c3,test: adicionar 10 testes extras de string para medir volume,completed,success,42.0,test,21.0,Upload artefato de testes,1.0,2,2,710.0,2026-06-08T10:49:52Z,9538fd4,experimento-cicd,19,1
27132621660,9538fd4af7a50532b5483d1ebe6a9d0e0a78b1c3,test: adicionar 10 testes extras de string para medir volume,completed,success,42.0,test,21.0,Post Run actions/cache@v4,0.0,2,2,710.0,2026-06-08T10:49:52Z,9538fd4,experimento-cicd,19,1
27132621660,9538fd4af7a50532b5483d1ebe6a9d0e0a78b1c3,test: adicionar 10 testes extras de string para medir volume,completed,success,42.0,test,21.0,Post Run actions/setup-python@v5,1.0,2,2,710.0,2026-06-08T10:49:52Z,9538fd4,experimento-cicd,19,1
27132621660,9538fd4af7a50532b5483d1ebe6a9d0e0a78b1c3,test: adicionar 10 testes extras de string para medir volume,completed,success,42.0,test,21.0,Post Run actions/checkout@v4,0.0,2,2,710.0,2026-06-08T10:49:52Z,9538fd4,experimento-cicd,19,1
27132621660,9538fd4af7a50532b5483d1ebe6a9d0e0a78b1c3,test: adicionar 10 testes extras de string para medir volume,completed,success,42.0,test,21.0,Complete job,0.0,2,2,710.0,2026-06-08T10:49:52Z,9538fd4,experimento-cicd,19,1
27132611376,c6353eb2dedc93fbeba76e3b0ddcff25b999c628,chore: reexecucao com lint corrigido - validar pipeline verde,completed,success,44.0,lint,16.0,Set up job,1.0,2,2,810.0,2026-06-08T10:49:38Z,c6353eb,experimento-cicd,18,1
27132611376,c6353eb2dedc93fbeba76e3b0ddcff25b999c628,chore: reexecucao com lint corrigido - validar pipeline verde,completed,success,44.0,lint,16.0,Run actions/checkout@v4,2.0,2,2,810.0,2026-06-08T10:49:38Z,c6353eb,experimento-cicd,18,1
27132611376,c6353eb2dedc93fbeba76e3b0ddcff25b999c628,chore: reexecucao com lint corrigido - validar pipeline verde,completed,success,44.0,lint,16.0,Run actions/setup-python@v5,0.0,2,2,810.0,2026-06-08T10:49:38Z,c6353eb,experimento-cicd,18,1
27132611376,c6353eb2dedc93fbeba76e3b0ddcff25b999c628,chore: reexecucao com lint corrigido - validar pipeline verde,completed,success,44.0,lint,16.0,Run actions/cache@v4,1.0,2,2,810.0,2026-06-08T10:49:38Z,c6353eb,experimento-cicd,18,1
27132611376,c6353eb2dedc93fbeba76e3b0ddcff25b999c628,chore: reexecucao com lint corrigido - validar pipeline verde,completed,success,44.0,lint,16.0,Instalar dependencias,9.0,2,2,810.0,2026-06-08T10:49:38Z,c6353eb,experimento-cicd,18,1
27132611376,c6353eb2dedc93fbeba76e3b0ddcff25b999c628,chore: reexecucao com lint corrigido - validar pipeline verde,completed,success,44.0,lint,16.0,Executar flake8,0.0,2,2,810.0,2026-06-08T10:49:38Z,c6353eb,experimento-cicd,18,1
27132611376,c6353eb2dedc93fbeba76e3b0ddcff25b999c628,chore: reexecucao com lint corrigido - validar pipeline verde,completed,success,44.0,lint,16.0,Post Run actions/cache@v4,1.0,2,2,810.0,2026-06-08T10:49:38Z,c6353eb,experimento-cicd,18,1
27132611376,c6353eb2dedc93fbeba76e3b0ddcff25b999c628,chore: reexecucao com lint corrigido - validar pipeline verde,completed,success,44.0,lint,16.0,Post Run actions/setup-python@v5,0.0,2,2,810.0,2026-06-08T10:49:38Z,c6353eb,experimento-cicd,18,1
27132611376,c6353eb2dedc93fbeba76e3b0ddcff25b999c628,chore: reexecucao com lint corrigido - validar pipeline verde,completed,success,44.0,lint,16.0,Post Run actions/checkout@v4,0.0,2,2,810.0,2026-06-08T10:49:38Z,c6353eb,experimento-cicd,18,1
27132611376,c6353eb2dedc93fbeba76e3b0ddcff25b999c628,chore: reexecucao com lint corrigido - validar pipeline verde,completed,success,44.0,lint,16.0,Complete job,0.0,2,2,810.0,2026-06-08T10:49:38Z,c6353eb,experimento-cicd,18,1
27132611376,c6353eb2dedc93fbeba76e3b0ddcff25b999c628,chore: reexecucao com lint corrigido - validar pipeline verde,completed,success,44.0,test,23.0,Set up job,1.0,2,2,810.0,2026-06-08T10:49:38Z,c6353eb,experimento-cicd,18,1
27132611376,c6353eb2dedc93fbeba76e3b0ddcff25b999c628,chore: reexecucao com lint corrigido - validar pipeline verde,completed,success,44.0,test,23.0,Run actions/checkout@v4,0.0,2,2,810.0,2026-06-08T10:49:38Z,c6353eb,experimento-cicd,18,1
27132611376,c6353eb2dedc93fbeba76e3b0ddcff25b999c628,chore: reexecucao com lint corrigido - validar pipeline verde,completed,success,44.0,test,23.0,Run actions/setup-python@v5,1.0,2,2,810.0,2026-06-08T10:49:38Z,c6353eb,experimento-cicd,18,1
27132611376,c6353eb2dedc93fbeba76e3b0ddcff25b999c628,chore: reexecucao com lint corrigido - validar pipeline verde,completed,success,44.0,test,23.0,Run actions/cache@v4,1.0,2,2,810.0,2026-06-08T10:49:38Z,c6353eb,experimento-cicd,18,1
27132611376,c6353eb2dedc93fbeba76e3b0ddcff25b999c628,chore: reexecucao com lint corrigido - validar pipeline verde,completed,success,44.0,test,23.0,Instalar dependencias,9.0,2,2,810.0,2026-06-08T10:49:38Z,c6353eb,experimento-cicd,18,1
27132611376,c6353eb2dedc93fbeba76e3b0ddcff25b999c628,chore: reexecucao com lint corrigido - validar pipeline verde,completed,success,44.0,test,23.0,Executar testes com JSON,6.0,2,2,810.0,2026-06-08T10:49:38Z,c6353eb,experimento-cicd,18,1
27132611376,c6353eb2dedc93fbeba76e3b0ddcff25b999c628,chore: reexecucao com lint corrigido - validar pipeline verde,completed,success,44.0,test,23.0,Upload artefato de testes,1.0,2,2,810.0,2026-06-08T10:49:38Z,c6353eb,experimento-cicd,18,1
27132611376,c6353eb2dedc93fbeba76e3b0ddcff25b999c628,chore: reexecucao com lint corrigido - validar pipeline verde,completed,success,44.0,test,23.0,Post Run actions/cache@v4,0.0,2,2,810.0,2026-06-08T10:49:38Z,c6353eb,experimento-cicd,18,1
27132611376,c6353eb2dedc93fbeba76e3b0ddcff25b999c628,chore: reexecucao com lint corrigido - validar pipeline verde,completed,success,44.0,test,23.0,Post Run actions/setup-python@v5,0.0,2,2,810.0,2026-06-08T10:49:38Z,c6353eb,experimento-cicd,18,1
27132611376,c6353eb2dedc93fbeba76e3b0ddcff25b999c628,chore: reexecucao com lint corrigido - validar pipeline verde,completed,success,44.0,test,23.0,Post Run actions/checkout@v4,1.0,2,2,810.0,2026-06-08T10:49:38Z,c6353eb,experimento-cicd,18,1
27132611376,c6353eb2dedc93fbeba76e3b0ddcff25b999c628,chore: reexecucao com lint corrigido - validar pipeline verde,completed,success,44.0,test,23.0,Complete job,0.0,2,2,810.0,2026-06-08T10:49:38Z,c6353eb,experimento-cicd,18,1
27132605430,cb2b75a317f5959fbe138b14032e57e88151d6ac,fix: remover imports nao utilizados que causavam falha no flake8,completed,success,47.0,lint,17.0,Set up job,1.0,2,2,835.0,2026-06-08T10:49:31Z,cb2b75a,experimento-cicd,17,1
27132605430,cb2b75a317f5959fbe138b14032e57e88151d6ac,fix: remover imports nao utilizados que causavam falha no flake8,completed,success,47.0,lint,17.0,Run actions/checkout@v4,1.0,2,2,835.0,2026-06-08T10:49:31Z,cb2b75a,experimento-cicd,17,1
27132605430,cb2b75a317f5959fbe138b14032e57e88151d6ac,fix: remover imports nao utilizados que causavam falha no flake8,completed,success,47.0,lint,17.0,Run actions/setup-python@v5,0.0,2,2,835.0,2026-06-08T10:49:31Z,cb2b75a,experimento-cicd,17,1
27132605430,cb2b75a317f5959fbe138b14032e57e88151d6ac,fix: remover imports nao utilizados que causavam falha no flake8,completed,success,47.0,lint,17.0,Run actions/cache@v4,1.0,2,2,835.0,2026-06-08T10:49:31Z,cb2b75a,experimento-cicd,17,1
27132605430,cb2b75a317f5959fbe138b14032e57e88151d6ac,fix: remover imports nao utilizados que causavam falha no flake8,completed,success,47.0,lint,17.0,Instalar dependencias,10.0,2,2,835.0,2026-06-08T10:49:31Z,cb2b75a,experimento-cicd,17,1
27132605430,cb2b75a317f5959fbe138b14032e57e88151d6ac,fix: remover imports nao utilizados que causavam falha no flake8,completed,success,47.0,lint,17.0,Executar flake8,1.0,2,2,835.0,2026-06-08T10:49:31Z,cb2b75a,experimento-cicd,17,1
27132605430,cb2b75a317f5959fbe138b14032e57e88151d6ac,fix: remover imports nao utilizados que causavam falha no flake8,completed,success,47.0,lint,17.0,Post Run actions/cache@v4,0.0,2,2,835.0,2026-06-08T10:49:31Z,cb2b75a,experimento-cicd,17,1
27132605430,cb2b75a317f5959fbe138b14032e57e88151d6ac,fix: remover imports nao utilizados que causavam falha no flake8,completed,success,47.0,lint,17.0,Post Run actions/setup-python@v5,0.0,2,2,835.0,2026-06-08T10:49:31Z,cb2b75a,experimento-cicd,17,1
27132605430,cb2b75a317f5959fbe138b14032e57e88151d6ac,fix: remover imports nao utilizados que causavam falha no flake8,completed,success,47.0,lint,17.0,Post Run actions/checkout@v4,1.0,2,2,835.0,2026-06-08T10:49:31Z,cb2b75a,experimento-cicd,17,1
27132605430,cb2b75a317f5959fbe138b14032e57e88151d6ac,fix: remover imports nao utilizados que causavam falha no flake8,completed,success,47.0,lint,17.0,Complete job,0.0,2,2,835.0,2026-06-08T10:49:31Z,cb2b75a,experimento-cicd,17,1
27132605430,cb2b75a317f5959fbe138b14032e57e88151d6ac,fix: remover imports nao utilizados que causavam falha no flake8,completed,success,47.0,test,26.0,Set up job,1.0,2,2,835.0,2026-06-08T10:49:31Z,cb2b75a,experimento-cicd,17,1
27132605430,cb2b75a317f5959fbe138b14032e57e88151d6ac,fix: remover imports nao utilizados que causavam falha no flake8,completed,success,47.0,test,26.0,Run actions/checkout@v4,1.0,2,2,835.0,2026-06-08T10:49:31Z,cb2b75a,experimento-cicd,17,1
27132605430,cb2b75a317f5959fbe138b14032e57e88151d6ac,fix: remover imports nao utilizados que causavam falha no flake8,completed,success,47.0,test,26.0,Run actions/setup-python@v5,0.0,2,2,835.0,2026-06-08T10:49:31Z,cb2b75a,experimento-cicd,17,1
27132605430,cb2b75a317f5959fbe138b14032e57e88151d6ac,fix: remover imports nao utilizados que causavam falha no flake8,completed,success,47.0,test,26.0,Run actions/cache@v4,2.0,2,2,835.0,2026-06-08T10:49:31Z,cb2b75a,experimento-cicd,17,1
27132605430,cb2b75a317f5959fbe138b14032e57e88151d6ac,fix: remover imports nao utilizados que causavam falha no flake8,completed,success,47.0,test,26.0,Instalar dependencias,9.0,2,2,835.0,2026-06-08T10:49:31Z,cb2b75a,experimento-cicd,17,1
27132605430,cb2b75a317f5959fbe138b14032e57e88151d6ac,fix: remover imports nao utilizados que causavam falha no flake8,completed,success,47.0,test,26.0,Executar testes com JSON,7.0,2,2,835.0,2026-06-08T10:49:31Z,cb2b75a,experimento-cicd,17,1
27132605430,cb2b75a317f5959fbe138b14032e57e88151d6ac,fix: remover imports nao utilizados que causavam falha no flake8,completed,success,47.0,test,26.0,Upload artefato de testes,1.0,2,2,835.0,2026-06-08T10:49:31Z,cb2b75a,experimento-cicd,17,1
27132605430,cb2b75a317f5959fbe138b14032e57e88151d6ac,fix: remover imports nao utilizados que causavam falha no flake8,completed,success,47.0,test,26.0,Post Run actions/cache@v4,0.0,2,2,835.0,2026-06-08T10:49:31Z,cb2b75a,experimento-cicd,17,1
27132605430,cb2b75a317f5959fbe138b14032e57e88151d6ac,fix: remover imports nao utilizados que causavam falha no flake8,completed,success,47.0,test,26.0,Post Run actions/setup-python@v5,0.0,2,2,835.0,2026-06-08T10:49:31Z,cb2b75a,experimento-cicd,17,1
27132605430,cb2b75a317f5959fbe138b14032e57e88151d6ac,fix: remover imports nao utilizados que causavam falha no flake8,completed,success,47.0,test,26.0,Post Run actions/checkout@v4,0.0,2,2,835.0,2026-06-08T10:49:31Z,cb2b75a,experimento-cicd,17,1
27132605430,cb2b75a317f5959fbe138b14032e57e88151d6ac,fix: remover imports nao utilizados que causavam falha no flake8,completed,success,47.0,test,26.0,Complete job,0.0,2,2,835.0,2026-06-08T10:49:31Z,cb2b75a,experimento-cicd,17,1
27132547230,850ff33f1e928d52d0269ab9b554bcb8caa1765f,test: remover testes lentos para medir diferenca de tempo,completed,failure,14.0,lint,12.0,Set up job,1.0,,,,2026-06-08T10:48:17Z,850ff33,experimento-cicd,16,1
27132547230,850ff33f1e928d52d0269ab9b554bcb8caa1765f,test: remover testes lentos para medir diferenca de tempo,completed,failure,14.0,lint,12.0,Run actions/checkout@v4,1.0,,,,2026-06-08T10:48:17Z,850ff33,experimento-cicd,16,1
27132547230,850ff33f1e928d52d0269ab9b554bcb8caa1765f,test: remover testes lentos para medir diferenca de tempo,completed,failure,14.0,lint,12.0,Run actions/setup-python@v5,0.0,,,,2026-06-08T10:48:17Z,850ff33,experimento-cicd,16,1
27132547230,850ff33f1e928d52d0269ab9b554bcb8caa1765f,test: remover testes lentos para medir diferenca de tempo,completed,failure,14.0,lint,12.0,Run actions/cache@v4,0.0,,,,2026-06-08T10:48:17Z,850ff33,experimento-cicd,16,1
27132547230,850ff33f1e928d52d0269ab9b554bcb8caa1765f,test: remover testes lentos para medir diferenca de tempo,completed,failure,14.0,lint,12.0,Instalar dependencias,6.0,,,,2026-06-08T10:48:17Z,850ff33,experimento-cicd,16,1
27132547230,850ff33f1e928d52d0269ab9b554bcb8caa1765f,test: remover testes lentos para medir diferenca de tempo,completed,failure,14.0,lint,12.0,Executar flake8,1.0,,,,2026-06-08T10:48:17Z,850ff33,experimento-cicd,16,1
27132547230,850ff33f1e928d52d0269ab9b554bcb8caa1765f,test: remover testes lentos para medir diferenca de tempo,completed,failure,14.0,lint,12.0,Post Run actions/cache@v4,0.0,,,,2026-06-08T10:48:17Z,850ff33,experimento-cicd,16,1
27132547230,850ff33f1e928d52d0269ab9b554bcb8caa1765f,test: remover testes lentos para medir diferenca de tempo,completed,failure,14.0,lint,12.0,Post Run actions/setup-python@v5,0.0,,,,2026-06-08T10:48:17Z,850ff33,experimento-cicd,16,1
27132547230,850ff33f1e928d52d0269ab9b554bcb8caa1765f,test: remover testes lentos para medir diferenca de tempo,completed,failure,14.0,lint,12.0,Post Run actions/checkout@v4,0.0,,,,2026-06-08T10:48:17Z,850ff33,experimento-cicd,16,1
27132547230,850ff33f1e928d52d0269ab9b554bcb8caa1765f,test: remover testes lentos para medir diferenca de tempo,completed,failure,14.0,lint,12.0,Complete job,0.0,,,,2026-06-08T10:48:17Z,850ff33,experimento-cicd,16,1
27132547230,850ff33f1e928d52d0269ab9b554bcb8caa1765f,test: remover testes lentos para medir diferenca de tempo,completed,failure,14.0,test,0.0,,,,,,2026-06-08T10:48:17Z,850ff33,experimento-cicd,16,1
27132541657,3e47ebdfc2195bb2f02c5e0a2d9220ecb348a0e3,ci: restaurar pipeline com 2 jobs sequenciais (configuracao final),completed,failure,16.0,lint,13.0,Set up job,2.0,,,,2026-06-08T10:48:10Z,3e47ebd,experimento-cicd,15,1
27132541657,3e47ebdfc2195bb2f02c5e0a2d9220ecb348a0e3,ci: restaurar pipeline com 2 jobs sequenciais (configuracao final),completed,failure,16.0,lint,13.0,Run actions/checkout@v4,0.0,,,,2026-06-08T10:48:10Z,3e47ebd,experimento-cicd,15,1
27132541657,3e47ebdfc2195bb2f02c5e0a2d9220ecb348a0e3,ci: restaurar pipeline com 2 jobs sequenciais (configuracao final),completed,failure,16.0,lint,13.0,Run actions/setup-python@v5,0.0,,,,2026-06-08T10:48:10Z,3e47ebd,experimento-cicd,15,1
27132541657,3e47ebdfc2195bb2f02c5e0a2d9220ecb348a0e3,ci: restaurar pipeline com 2 jobs sequenciais (configuracao final),completed,failure,16.0,lint,13.0,Run actions/cache@v4,1.0,,,,2026-06-08T10:48:10Z,3e47ebd,experimento-cicd,15,1
27132541657,3e47ebdfc2195bb2f02c5e0a2d9220ecb348a0e3,ci: restaurar pipeline com 2 jobs sequenciais (configuracao final),completed,failure,16.0,lint,13.0,Instalar dependencias,8.0,,,,2026-06-08T10:48:10Z,3e47ebd,experimento-cicd,15,1
27132541657,3e47ebdfc2195bb2f02c5e0a2d9220ecb348a0e3,ci: restaurar pipeline com 2 jobs sequenciais (configuracao final),completed,failure,16.0,lint,13.0,Executar flake8,1.0,,,,2026-06-08T10:48:10Z,3e47ebd,experimento-cicd,15,1
27132541657,3e47ebdfc2195bb2f02c5e0a2d9220ecb348a0e3,ci: restaurar pipeline com 2 jobs sequenciais (configuracao final),completed,failure,16.0,lint,13.0,Post Run actions/cache@v4,0.0,,,,2026-06-08T10:48:10Z,3e47ebd,experimento-cicd,15,1
27132541657,3e47ebdfc2195bb2f02c5e0a2d9220ecb348a0e3,ci: restaurar pipeline com 2 jobs sequenciais (configuracao final),completed,failure,16.0,lint,13.0,Post Run actions/setup-python@v5,0.0,,,,2026-06-08T10:48:10Z,3e47ebd,experimento-cicd,15,1
27132541657,3e47ebdfc2195bb2f02c5e0a2d9220ecb348a0e3,ci: restaurar pipeline com 2 jobs sequenciais (configuracao final),completed,failure,16.0,lint,13.0,Post Run actions/checkout@v4,0.0,,,,2026-06-08T10:48:10Z,3e47ebd,experimento-cicd,15,1
27132541657,3e47ebdfc2195bb2f02c5e0a2d9220ecb348a0e3,ci: restaurar pipeline com 2 jobs sequenciais (configuracao final),completed,failure,16.0,lint,13.0,Complete job,0.0,,,,2026-06-08T10:48:10Z,3e47ebd,experimento-cicd,15,1
27132541657,3e47ebdfc2195bb2f02c5e0a2d9220ecb348a0e3,ci: restaurar pipeline com 2 jobs sequenciais (configuracao final),completed,failure,16.0,test,-1.0,,,,,,2026-06-08T10:48:10Z,3e47ebd,experimento-cicd,15,1
27132528008,68e708a3ef90a6e6588557dcd47efcd484f35493,ci: consolidar lint e test em um unico job para comparacao,completed,failure,16.0,pipeline-completo,13.0,Set up job,1.0,,,,2026-06-08T10:47:53Z,68e708a,experimento-cicd,14,1
27132528008,68e708a3ef90a6e6588557dcd47efcd484f35493,ci: consolidar lint e test em um unico job para comparacao,completed,failure,16.0,pipeline-completo,13.0,Run actions/checkout@v4,0.0,,,,2026-06-08T10:47:53Z,68e708a,experimento-cicd,14,1
27132528008,68e708a3ef90a6e6588557dcd47efcd484f35493,ci: consolidar lint e test em um unico job para comparacao,completed,failure,16.0,pipeline-completo,13.0,Run actions/setup-python@v5,0.0,,,,2026-06-08T10:47:53Z,68e708a,experimento-cicd,14,1
27132528008,68e708a3ef90a6e6588557dcd47efcd484f35493,ci: consolidar lint e test em um unico job para comparacao,completed,failure,16.0,pipeline-completo,13.0,Run actions/cache@v4,1.0,,,,2026-06-08T10:47:53Z,68e708a,experimento-cicd,14,1
27132528008,68e708a3ef90a6e6588557dcd47efcd484f35493,ci: consolidar lint e test em um unico job para comparacao,completed,failure,16.0,pipeline-completo,13.0,Instalar dependencias,8.0,,,,2026-06-08T10:47:53Z,68e708a,experimento-cicd,14,1
27132528008,68e708a3ef90a6e6588557dcd47efcd484f35493,ci: consolidar lint e test em um unico job para comparacao,completed,failure,16.0,pipeline-completo,13.0,Executar flake8,0.0,,,,2026-06-08T10:47:53Z,68e708a,experimento-cicd,14,1
27132528008,68e708a3ef90a6e6588557dcd47efcd484f35493,ci: consolidar lint e test em um unico job para comparacao,completed,failure,16.0,pipeline-completo,13.0,Executar testes com JSON,0.0,,,,2026-06-08T10:47:53Z,68e708a,experimento-cicd,14,1
27132528008,68e708a3ef90a6e6588557dcd47efcd484f35493,ci: consolidar lint e test em um unico job para comparacao,completed,failure,16.0,pipeline-completo,13.0,Upload artefato de testes,1.0,,,,2026-06-08T10:47:53Z,68e708a,experimento-cicd,14,1
27132528008,68e708a3ef90a6e6588557dcd47efcd484f35493,ci: consolidar lint e test em um unico job para comparacao,completed,failure,16.0,pipeline-completo,13.0,Post Run actions/cache@v4,0.0,,,,2026-06-08T10:47:53Z,68e708a,experimento-cicd,14,1
27132528008,68e708a3ef90a6e6588557dcd47efcd484f35493,ci: consolidar lint e test em um unico job para comparacao,completed,failure,16.0,pipeline-completo,13.0,Post Run actions/setup-python@v5,0.0,,,,2026-06-08T10:47:53Z,68e708a,experimento-cicd,14,1
27132528008,68e708a3ef90a6e6588557dcd47efcd484f35493,ci: consolidar lint e test em um unico job para comparacao,completed,failure,16.0,pipeline-completo,13.0,Post Run actions/checkout@v4,0.0,,,,2026-06-08T10:47:53Z,68e708a,experimento-cicd,14,1
27132528008,68e708a3ef90a6e6588557dcd47efcd484f35493,ci: consolidar lint e test em um unico job para comparacao,completed,failure,16.0,pipeline-completo,13.0,Complete job,0.0,,,,2026-06-08T10:47:53Z,68e708a,experimento-cicd,14,1
27132515667,99338de22f7d10e2a3bed6b54ff98d2db6638477,ci: restaurar execucao sequencial (lint antes de test),completed,failure,19.0,lint,16.0,Set up job,1.0,,,,2026-06-08T10:47:38Z,99338de,experimento-cicd,13,1
27132515667,99338de22f7d10e2a3bed6b54ff98d2db6638477,ci: restaurar execucao sequencial (lint antes de test),completed,failure,19.0,lint,16.0,Run actions/checkout@v4,1.0,,,,2026-06-08T10:47:38Z,99338de,experimento-cicd,13,1
27132515667,99338de22f7d10e2a3bed6b54ff98d2db6638477,ci: restaurar execucao sequencial (lint antes de test),completed,failure,19.0,lint,16.0,Run actions/setup-python@v5,0.0,,,,2026-06-08T10:47:38Z,99338de,experimento-cicd,13,1
27132515667,99338de22f7d10e2a3bed6b54ff98d2db6638477,ci: restaurar execucao sequencial (lint antes de test),completed,failure,19.0,lint,16.0,Run actions/cache@v4,1.0,,,,2026-06-08T10:47:38Z,99338de,experimento-cicd,13,1
27132515667,99338de22f7d10e2a3bed6b54ff98d2db6638477,ci: restaurar execucao sequencial (lint antes de test),completed,failure,19.0,lint,16.0,Instalar dependencias,9.0,,,,2026-06-08T10:47:38Z,99338de,experimento-cicd,13,1
27132515667,99338de22f7d10e2a3bed6b54ff98d2db6638477,ci: restaurar execucao sequencial (lint antes de test),completed,failure,19.0,lint,16.0,Executar flake8,0.0,,,,2026-06-08T10:47:38Z,99338de,experimento-cicd,13,1
27132515667,99338de22f7d10e2a3bed6b54ff98d2db6638477,ci: restaurar execucao sequencial (lint antes de test),completed,failure,19.0,lint,16.0,Post Run actions/cache@v4,0.0,,,,2026-06-08T10:47:38Z,99338de,experimento-cicd,13,1
27132515667,99338de22f7d10e2a3bed6b54ff98d2db6638477,ci: restaurar execucao sequencial (lint antes de test),completed,failure,19.0,lint,16.0,Post Run actions/setup-python@v5,0.0,,,,2026-06-08T10:47:38Z,99338de,experimento-cicd,13,1
27132515667,99338de22f7d10e2a3bed6b54ff98d2db6638477,ci: restaurar execucao sequencial (lint antes de test),completed,failure,19.0,lint,16.0,Post Run actions/checkout@v4,0.0,,,,2026-06-08T10:47:38Z,99338de,experimento-cicd,13,1
27132515667,99338de22f7d10e2a3bed6b54ff98d2db6638477,ci: restaurar execucao sequencial (lint antes de test),completed,failure,19.0,lint,16.0,Complete job,0.0,,,,2026-06-08T10:47:38Z,99338de,experimento-cicd,13,1
27132515667,99338de22f7d10e2a3bed6b54ff98d2db6638477,ci: restaurar execucao sequencial (lint antes de test),completed,failure,19.0,test,-1.0,,,,,,2026-06-08T10:47:38Z,99338de,experimento-cicd,13,1
27132505385,36c7d2b72458792202f1a96c8d7d5fa808062d41,ci: executar lint e test em paralelo (sem dependencia),completed,failure,31.0,lint,15.0,Set up job,1.0,2,2,1995.0,2026-06-08T10:47:25Z,36c7d2b,experimento-cicd,12,1
27132505385,36c7d2b72458792202f1a96c8d7d5fa808062d41,ci: executar lint e test em paralelo (sem dependencia),completed,failure,31.0,lint,15.0,Run actions/checkout@v4,0.0,2,2,1995.0,2026-06-08T10:47:25Z,36c7d2b,experimento-cicd,12,1
27132505385,36c7d2b72458792202f1a96c8d7d5fa808062d41,ci: executar lint e test em paralelo (sem dependencia),completed,failure,31.0,lint,15.0,Run actions/setup-python@v5,1.0,2,2,1995.0,2026-06-08T10:47:25Z,36c7d2b,experimento-cicd,12,1
27132505385,36c7d2b72458792202f1a96c8d7d5fa808062d41,ci: executar lint e test em paralelo (sem dependencia),completed,failure,31.0,lint,15.0,Run actions/cache@v4,0.0,2,2,1995.0,2026-06-08T10:47:25Z,36c7d2b,experimento-cicd,12,1
27132505385,36c7d2b72458792202f1a96c8d7d5fa808062d41,ci: executar lint e test em paralelo (sem dependencia),completed,failure,31.0,lint,15.0,Instalar dependencias,9.0,2,2,1995.0,2026-06-08T10:47:25Z,36c7d2b,experimento-cicd,12,1
27132505385,36c7d2b72458792202f1a96c8d7d5fa808062d41,ci: executar lint e test em paralelo (sem dependencia),completed,failure,31.0,lint,15.0,Executar flake8,1.0,2,2,1995.0,2026-06-08T10:47:25Z,36c7d2b,experimento-cicd,12,1
27132505385,36c7d2b72458792202f1a96c8d7d5fa808062d41,ci: executar lint e test em paralelo (sem dependencia),completed,failure,31.0,lint,15.0,Post Run actions/cache@v4,0.0,2,2,1995.0,2026-06-08T10:47:25Z,36c7d2b,experimento-cicd,12,1
27132505385,36c7d2b72458792202f1a96c8d7d5fa808062d41,ci: executar lint e test em paralelo (sem dependencia),completed,failure,31.0,lint,15.0,Post Run actions/setup-python@v5,0.0,2,2,1995.0,2026-06-08T10:47:25Z,36c7d2b,experimento-cicd,12,1
27132505385,36c7d2b72458792202f1a96c8d7d5fa808062d41,ci: executar lint e test em paralelo (sem dependencia),completed,failure,31.0,lint,15.0,Post Run actions/checkout@v4,0.0,2,2,1995.0,2026-06-08T10:47:25Z,36c7d2b,experimento-cicd,12,1
27132505385,36c7d2b72458792202f1a96c8d7d5fa808062d41,ci: executar lint e test em paralelo (sem dependencia),completed,failure,31.0,lint,15.0,Complete job,0.0,2,2,1995.0,2026-06-08T10:47:25Z,36c7d2b,experimento-cicd,12,1
27132505385,36c7d2b72458792202f1a96c8d7d5fa808062d41,ci: executar lint e test em paralelo (sem dependencia),completed,failure,31.0,test,28.0,Set up job,1.0,2,2,1995.0,2026-06-08T10:47:25Z,36c7d2b,experimento-cicd,12,1
27132505385,36c7d2b72458792202f1a96c8d7d5fa808062d41,ci: executar lint e test em paralelo (sem dependencia),completed,failure,31.0,test,28.0,Run actions/checkout@v4,1.0,2,2,1995.0,2026-06-08T10:47:25Z,36c7d2b,experimento-cicd,12,1
27132505385,36c7d2b72458792202f1a96c8d7d5fa808062d41,ci: executar lint e test em paralelo (sem dependencia),completed,failure,31.0,test,28.0,Run actions/setup-python@v5,0.0,2,2,1995.0,2026-06-08T10:47:25Z,36c7d2b,experimento-cicd,12,1
27132505385,36c7d2b72458792202f1a96c8d7d5fa808062d41,ci: executar lint e test em paralelo (sem dependencia),completed,failure,31.0,test,28.0,Run actions/cache@v4,1.0,2,2,1995.0,2026-06-08T10:47:25Z,36c7d2b,experimento-cicd,12,1
27132505385,36c7d2b72458792202f1a96c8d7d5fa808062d41,ci: executar lint e test em paralelo (sem dependencia),completed,failure,31.0,test,28.0,Instalar dependencias,9.0,2,2,1995.0,2026-06-08T10:47:25Z,36c7d2b,experimento-cicd,12,1
27132505385,36c7d2b72458792202f1a96c8d7d5fa808062d41,ci: executar lint e test em paralelo (sem dependencia),completed,failure,31.0,test,28.0,Executar testes com JSON,10.0,2,2,1995.0,2026-06-08T10:47:25Z,36c7d2b,experimento-cicd,12,1
27132505385,36c7d2b72458792202f1a96c8d7d5fa808062d41,ci: executar lint e test em paralelo (sem dependencia),completed,failure,31.0,test,28.0,Upload artefato de testes,1.0,2,2,1995.0,2026-06-08T10:47:25Z,36c7d2b,experimento-cicd,12,1
27132505385,36c7d2b72458792202f1a96c8d7d5fa808062d41,ci: executar lint e test em paralelo (sem dependencia),completed,failure,31.0,test,28.0,Post Run actions/cache@v4,2.0,2,2,1995.0,2026-06-08T10:47:25Z,36c7d2b,experimento-cicd,12,1
27132505385,36c7d2b72458792202f1a96c8d7d5fa808062d41,ci: executar lint e test em paralelo (sem dependencia),completed,failure,31.0,test,28.0,Post Run actions/setup-python@v5,0.0,2,2,1995.0,2026-06-08T10:47:25Z,36c7d2b,experimento-cicd,12,1
27132505385,36c7d2b72458792202f1a96c8d7d5fa808062d41,ci: executar lint e test em paralelo (sem dependencia),completed,failure,31.0,test,28.0,Post Run actions/checkout@v4,1.0,2,2,1995.0,2026-06-08T10:47:25Z,36c7d2b,experimento-cicd,12,1
27132505385,36c7d2b72458792202f1a96c8d7d5fa808062d41,ci: executar lint e test em paralelo (sem dependencia),completed,failure,31.0,test,28.0,Complete job,0.0,2,2,1995.0,2026-06-08T10:47:25Z,36c7d2b,experimento-cicd,12,1
27132493882,fb64ffe6aae05a084528f5ff1ede905613f5c810,ci: reabilitar cache de pip para comparacao com/sem cache,completed,failure,16.0,lint,13.0,Set up job,1.0,,,,2026-06-08T10:47:11Z,fb64ffe,experimento-cicd,11,1
27132493882,fb64ffe6aae05a084528f5ff1ede905613f5c810,ci: reabilitar cache de pip para comparacao com/sem cache,completed,failure,16.0,lint,13.0,Run actions/checkout@v4,1.0,,,,2026-06-08T10:47:11Z,fb64ffe,experimento-cicd,11,1
27132493882,fb64ffe6aae05a084528f5ff1ede905613f5c810,ci: reabilitar cache de pip para comparacao com/sem cache,completed,failure,16.0,lint,13.0,Run actions/setup-python@v5,0.0,,,,2026-06-08T10:47:11Z,fb64ffe,experimento-cicd,11,1
27132493882,fb64ffe6aae05a084528f5ff1ede905613f5c810,ci: reabilitar cache de pip para comparacao com/sem cache,completed,failure,16.0,lint,13.0,Run actions/cache@v4,0.0,,,,2026-06-08T10:47:11Z,fb64ffe,experimento-cicd,11,1
27132493882,fb64ffe6aae05a084528f5ff1ede905613f5c810,ci: reabilitar cache de pip para comparacao com/sem cache,completed,failure,16.0,lint,13.0,Instalar dependencias,9.0,,,,2026-06-08T10:47:11Z,fb64ffe,experimento-cicd,11,1
27132493882,fb64ffe6aae05a084528f5ff1ede905613f5c810,ci: reabilitar cache de pip para comparacao com/sem cache,completed,failure,16.0,lint,13.0,Executar flake8,1.0,,,,2026-06-08T10:47:11Z,fb64ffe,experimento-cicd,11,1
27132493882,fb64ffe6aae05a084528f5ff1ede905613f5c810,ci: reabilitar cache de pip para comparacao com/sem cache,completed,failure,16.0,lint,13.0,Post Run actions/cache@v4,0.0,,,,2026-06-08T10:47:11Z,fb64ffe,experimento-cicd,11,1
27132493882,fb64ffe6aae05a084528f5ff1ede905613f5c810,ci: reabilitar cache de pip para comparacao com/sem cache,completed,failure,16.0,lint,13.0,Post Run actions/setup-python@v5,0.0,,,,2026-06-08T10:47:11Z,fb64ffe,experimento-cicd,11,1
27132493882,fb64ffe6aae05a084528f5ff1ede905613f5c810,ci: reabilitar cache de pip para comparacao com/sem cache,completed,failure,16.0,lint,13.0,Post Run actions/checkout@v4,0.0,,,,2026-06-08T10:47:11Z,fb64ffe,experimento-cicd,11,1
27132493882,fb64ffe6aae05a084528f5ff1ede905613f5c810,ci: reabilitar cache de pip para comparacao com/sem cache,completed,failure,16.0,lint,13.0,Complete job,0.0,,,,2026-06-08T10:47:11Z,fb64ffe,experimento-cicd,11,1
27132493882,fb64ffe6aae05a084528f5ff1ede905613f5c810,ci: reabilitar cache de pip para comparacao com/sem cache,completed,failure,16.0,test,-1.0,,,,,,2026-06-08T10:47:11Z,fb64ffe,experimento-cicd,11,1
27132481774,0ca4bb69da60d873902ed9d32ae05324d0ebb8d7,ci: desabilitar cache de pip para medir impacto sem cache,completed,failure,20.0,lint,17.0,Set up job,1.0,,,,2026-06-08T10:46:56Z,0ca4bb6,experimento-cicd,10,1
27132481774,0ca4bb69da60d873902ed9d32ae05324d0ebb8d7,ci: desabilitar cache de pip para medir impacto sem cache,completed,failure,20.0,lint,17.0,Run actions/checkout@v4,1.0,,,,2026-06-08T10:46:56Z,0ca4bb6,experimento-cicd,10,1
27132481774,0ca4bb69da60d873902ed9d32ae05324d0ebb8d7,ci: desabilitar cache de pip para medir impacto sem cache,completed,failure,20.0,lint,17.0,Run actions/setup-python@v5,0.0,,,,2026-06-08T10:46:56Z,0ca4bb6,experimento-cicd,10,1
27132481774,0ca4bb69da60d873902ed9d32ae05324d0ebb8d7,ci: desabilitar cache de pip para medir impacto sem cache,completed,failure,20.0,lint,17.0,Instalar dependencias,10.0,,,,2026-06-08T10:46:56Z,0ca4bb6,experimento-cicd,10,1
27132481774,0ca4bb69da60d873902ed9d32ae05324d0ebb8d7,ci: desabilitar cache de pip para medir impacto sem cache,completed,failure,20.0,lint,17.0,Executar flake8,1.0,,,,2026-06-08T10:46:56Z,0ca4bb6,experimento-cicd,10,1
27132481774,0ca4bb69da60d873902ed9d32ae05324d0ebb8d7,ci: desabilitar cache de pip para medir impacto sem cache,completed,failure,20.0,lint,17.0,Post Run actions/setup-python@v5,0.0,,,,2026-06-08T10:46:56Z,0ca4bb6,experimento-cicd,10,1
27132481774,0ca4bb69da60d873902ed9d32ae05324d0ebb8d7,ci: desabilitar cache de pip para medir impacto sem cache,completed,failure,20.0,lint,17.0,Post Run actions/checkout@v4,0.0,,,,2026-06-08T10:46:56Z,0ca4bb6,experimento-cicd,10,1
27132481774,0ca4bb69da60d873902ed9d32ae05324d0ebb8d7,ci: desabilitar cache de pip para medir impacto sem cache,completed,failure,20.0,lint,17.0,Complete job,0.0,,,,2026-06-08T10:46:56Z,0ca4bb6,experimento-cicd,10,1
27132481774,0ca4bb69da60d873902ed9d32ae05324d0ebb8d7,ci: desabilitar cache de pip para medir impacto sem cache,completed,failure,20.0,test,0.0,,,,,,2026-06-08T10:46:56Z,0ca4bb6,experimento-cicd,10,1
27132466774,ec5689cfe96141e8126a9a33968a11e4f49ab5f5,fix: corrigir erros de lint no utils.py (recovery),completed,failure,18.0,lint,16.0,Set up job,0.0,,,,2026-06-08T10:46:38Z,ec5689c,experimento-cicd,9,1
27132466774,ec5689cfe96141e8126a9a33968a11e4f49ab5f5,fix: corrigir erros de lint no utils.py (recovery),completed,failure,18.0,lint,16.0,Run actions/checkout@v4,1.0,,,,2026-06-08T10:46:38Z,ec5689c,experimento-cicd,9,1
27132466774,ec5689cfe96141e8126a9a33968a11e4f49ab5f5,fix: corrigir erros de lint no utils.py (recovery),completed,failure,18.0,lint,16.0,Run actions/setup-python@v5,0.0,,,,2026-06-08T10:46:38Z,ec5689c,experimento-cicd,9,1
27132466774,ec5689cfe96141e8126a9a33968a11e4f49ab5f5,fix: corrigir erros de lint no utils.py (recovery),completed,failure,18.0,lint,16.0,Run actions/cache@v4,1.0,,,,2026-06-08T10:46:38Z,ec5689c,experimento-cicd,9,1
27132466774,ec5689cfe96141e8126a9a33968a11e4f49ab5f5,fix: corrigir erros de lint no utils.py (recovery),completed,failure,18.0,lint,16.0,Instalar dependencias,10.0,,,,2026-06-08T10:46:38Z,ec5689c,experimento-cicd,9,1
27132466774,ec5689cfe96141e8126a9a33968a11e4f49ab5f5,fix: corrigir erros de lint no utils.py (recovery),completed,failure,18.0,lint,16.0,Executar flake8,0.0,,,,2026-06-08T10:46:38Z,ec5689c,experimento-cicd,9,1
27132466774,ec5689cfe96141e8126a9a33968a11e4f49ab5f5,fix: corrigir erros de lint no utils.py (recovery),completed,failure,18.0,lint,16.0,Post Run actions/cache@v4,0.0,,,,2026-06-08T10:46:38Z,ec5689c,experimento-cicd,9,1
27132466774,ec5689cfe96141e8126a9a33968a11e4f49ab5f5,fix: corrigir erros de lint no utils.py (recovery),completed,failure,18.0,lint,16.0,Post Run actions/setup-python@v5,0.0,,,,2026-06-08T10:46:38Z,ec5689c,experimento-cicd,9,1
27132466774,ec5689cfe96141e8126a9a33968a11e4f49ab5f5,fix: corrigir erros de lint no utils.py (recovery),completed,failure,18.0,lint,16.0,Post Run actions/checkout@v4,1.0,,,,2026-06-08T10:46:38Z,ec5689c,experimento-cicd,9,1
27132466774,ec5689cfe96141e8126a9a33968a11e4f49ab5f5,fix: corrigir erros de lint no utils.py (recovery),completed,failure,18.0,lint,16.0,Complete job,0.0,,,,2026-06-08T10:46:38Z,ec5689c,experimento-cicd,9,1
27132466774,ec5689cfe96141e8126a9a33968a11e4f49ab5f5,fix: corrigir erros de lint no utils.py (recovery),completed,failure,18.0,test,0.0,,,,,,2026-06-08T10:46:38Z,ec5689c,experimento-cicd,9,1
27132457991,3c7b33a675844fe612b770b44373dac01305c89a,lint: introduzir erros de formatacao propositais para falha de lint,completed,failure,19.0,lint,17.0,Set up job,1.0,,,,2026-06-08T10:46:27Z,3c7b33a,experimento-cicd,8,1
27132457991,3c7b33a675844fe612b770b44373dac01305c89a,lint: introduzir erros de formatacao propositais para falha de lint,completed,failure,19.0,lint,17.0,Run actions/checkout@v4,1.0,,,,2026-06-08T10:46:27Z,3c7b33a,experimento-cicd,8,1
27132457991,3c7b33a675844fe612b770b44373dac01305c89a,lint: introduzir erros de formatacao propositais para falha de lint,completed,failure,19.0,lint,17.0,Run actions/setup-python@v5,0.0,,,,2026-06-08T10:46:27Z,3c7b33a,experimento-cicd,8,1
27132457991,3c7b33a675844fe612b770b44373dac01305c89a,lint: introduzir erros de formatacao propositais para falha de lint,completed,failure,19.0,lint,17.0,Run actions/cache@v4,0.0,,,,2026-06-08T10:46:27Z,3c7b33a,experimento-cicd,8,1
27132457991,3c7b33a675844fe612b770b44373dac01305c89a,lint: introduzir erros de formatacao propositais para falha de lint,completed,failure,19.0,lint,17.0,Instalar dependencias,11.0,,,,2026-06-08T10:46:27Z,3c7b33a,experimento-cicd,8,1
27132457991,3c7b33a675844fe612b770b44373dac01305c89a,lint: introduzir erros de formatacao propositais para falha de lint,completed,failure,19.0,lint,17.0,Executar flake8,0.0,,,,2026-06-08T10:46:27Z,3c7b33a,experimento-cicd,8,1
27132457991,3c7b33a675844fe612b770b44373dac01305c89a,lint: introduzir erros de formatacao propositais para falha de lint,completed,failure,19.0,lint,17.0,Post Run actions/cache@v4,0.0,,,,2026-06-08T10:46:27Z,3c7b33a,experimento-cicd,8,1
27132457991,3c7b33a675844fe612b770b44373dac01305c89a,lint: introduzir erros de formatacao propositais para falha de lint,completed,failure,19.0,lint,17.0,Post Run actions/setup-python@v5,0.0,,,,2026-06-08T10:46:27Z,3c7b33a,experimento-cicd,8,1
27132457991,3c7b33a675844fe612b770b44373dac01305c89a,lint: introduzir erros de formatacao propositais para falha de lint,completed,failure,19.0,lint,17.0,Post Run actions/checkout@v4,0.0,,,,2026-06-08T10:46:27Z,3c7b33a,experimento-cicd,8,1
27132457991,3c7b33a675844fe612b770b44373dac01305c89a,lint: introduzir erros de formatacao propositais para falha de lint,completed,failure,19.0,lint,17.0,Complete job,0.0,,,,2026-06-08T10:46:27Z,3c7b33a,experimento-cicd,8,1
27132457991,3c7b33a675844fe612b770b44373dac01305c89a,lint: introduzir erros de formatacao propositais para falha de lint,completed,failure,19.0,test,0.0,,,,,,2026-06-08T10:46:27Z,3c7b33a,experimento-cicd,8,1
27132448093,26372ffdc1474e5a634689ae143953ac005fee7d,test: adicionar 5 testes lentos (~500ms cada) para experimento,completed,failure,17.0,lint,13.0,Set up job,1.0,,,,2026-06-08T10:46:14Z,26372ff,experimento-cicd,7,1
27132448093,26372ffdc1474e5a634689ae143953ac005fee7d,test: adicionar 5 testes lentos (~500ms cada) para experimento,completed,failure,17.0,lint,13.0,Run actions/checkout@v4,1.0,,,,2026-06-08T10:46:14Z,26372ff,experimento-cicd,7,1
27132448093,26372ffdc1474e5a634689ae143953ac005fee7d,test: adicionar 5 testes lentos (~500ms cada) para experimento,completed,failure,17.0,lint,13.0,Run actions/setup-python@v5,0.0,,,,2026-06-08T10:46:14Z,26372ff,experimento-cicd,7,1
27132448093,26372ffdc1474e5a634689ae143953ac005fee7d,test: adicionar 5 testes lentos (~500ms cada) para experimento,completed,failure,17.0,lint,13.0,Run actions/cache@v4,0.0,,,,2026-06-08T10:46:14Z,26372ff,experimento-cicd,7,1
27132448093,26372ffdc1474e5a634689ae143953ac005fee7d,test: adicionar 5 testes lentos (~500ms cada) para experimento,completed,failure,17.0,lint,13.0,Instalar dependencias,9.0,,,,2026-06-08T10:46:14Z,26372ff,experimento-cicd,7,1
27132448093,26372ffdc1474e5a634689ae143953ac005fee7d,test: adicionar 5 testes lentos (~500ms cada) para experimento,completed,failure,17.0,lint,13.0,Executar flake8,1.0,,,,2026-06-08T10:46:14Z,26372ff,experimento-cicd,7,1
27132448093,26372ffdc1474e5a634689ae143953ac005fee7d,test: adicionar 5 testes lentos (~500ms cada) para experimento,completed,failure,17.0,lint,13.0,Post Run actions/cache@v4,0.0,,,,2026-06-08T10:46:14Z,26372ff,experimento-cicd,7,1
27132448093,26372ffdc1474e5a634689ae143953ac005fee7d,test: adicionar 5 testes lentos (~500ms cada) para experimento,completed,failure,17.0,lint,13.0,Post Run actions/setup-python@v5,0.0,,,,2026-06-08T10:46:14Z,26372ff,experimento-cicd,7,1
27132448093,26372ffdc1474e5a634689ae143953ac005fee7d,test: adicionar 5 testes lentos (~500ms cada) para experimento,completed,failure,17.0,lint,13.0,Post Run actions/checkout@v4,0.0,,,,2026-06-08T10:46:14Z,26372ff,experimento-cicd,7,1
27132448093,26372ffdc1474e5a634689ae143953ac005fee7d,test: adicionar 5 testes lentos (~500ms cada) para experimento,completed,failure,17.0,lint,13.0,Complete job,0.0,,,,2026-06-08T10:46:14Z,26372ff,experimento-cicd,7,1
27132448093,26372ffdc1474e5a634689ae143953ac005fee7d,test: adicionar 5 testes lentos (~500ms cada) para experimento,completed,failure,17.0,test,0.0,,,,,,2026-06-08T10:46:14Z,26372ff,experimento-cicd,7,1
27132437782,6a1ea93178f41413cb35d48eb3662385e70a52c1,test: adicionar 20 testes sinteticos para medir impacto de volume,completed,failure,17.0,lint,14.0,Set up job,1.0,,,,2026-06-08T10:46:02Z,6a1ea93,experimento-cicd,6,1
27132437782,6a1ea93178f41413cb35d48eb3662385e70a52c1,test: adicionar 20 testes sinteticos para medir impacto de volume,completed,failure,17.0,lint,14.0,Run actions/checkout@v4,1.0,,,,2026-06-08T10:46:02Z,6a1ea93,experimento-cicd,6,1
27132437782,6a1ea93178f41413cb35d48eb3662385e70a52c1,test: adicionar 20 testes sinteticos para medir impacto de volume,completed,failure,17.0,lint,14.0,Run actions/setup-python@v5,0.0,,,,2026-06-08T10:46:02Z,6a1ea93,experimento-cicd,6,1
27132437782,6a1ea93178f41413cb35d48eb3662385e70a52c1,test: adicionar 20 testes sinteticos para medir impacto de volume,completed,failure,17.0,lint,14.0,Run actions/cache@v4,0.0,,,,2026-06-08T10:46:02Z,6a1ea93,experimento-cicd,6,1
27132437782,6a1ea93178f41413cb35d48eb3662385e70a52c1,test: adicionar 20 testes sinteticos para medir impacto de volume,completed,failure,17.0,lint,14.0,Instalar dependencias,10.0,,,,2026-06-08T10:46:02Z,6a1ea93,experimento-cicd,6,1
27132437782,6a1ea93178f41413cb35d48eb3662385e70a52c1,test: adicionar 20 testes sinteticos para medir impacto de volume,completed,failure,17.0,lint,14.0,Executar flake8,0.0,,,,2026-06-08T10:46:02Z,6a1ea93,experimento-cicd,6,1
27132437782,6a1ea93178f41413cb35d48eb3662385e70a52c1,test: adicionar 20 testes sinteticos para medir impacto de volume,completed,failure,17.0,lint,14.0,Post Run actions/cache@v4,0.0,,,,2026-06-08T10:46:02Z,6a1ea93,experimento-cicd,6,1
27132437782,6a1ea93178f41413cb35d48eb3662385e70a52c1,test: adicionar 20 testes sinteticos para medir impacto de volume,completed,failure,17.0,lint,14.0,Post Run actions/setup-python@v5,0.0,,,,2026-06-08T10:46:02Z,6a1ea93,experimento-cicd,6,1
27132437782,6a1ea93178f41413cb35d48eb3662385e70a52c1,test: adicionar 20 testes sinteticos para medir impacto de volume,completed,failure,17.0,lint,14.0,Post Run actions/checkout@v4,1.0,,,,2026-06-08T10:46:02Z,6a1ea93,experimento-cicd,6,1
27132437782,6a1ea93178f41413cb35d48eb3662385e70a52c1,test: adicionar 20 testes sinteticos para medir impacto de volume,completed,failure,17.0,lint,14.0,Complete job,0.0,,,,2026-06-08T10:46:02Z,6a1ea93,experimento-cicd,6,1
27132437782,6a1ea93178f41413cb35d48eb3662385e70a52c1,test: adicionar 20 testes sinteticos para medir impacto de volume,completed,failure,17.0,test,0.0,,,,,,2026-06-08T10:46:02Z,6a1ea93,experimento-cicd,6,1
27132421499,3084f2d222e080b4b3552a31c37456446f5268f1,fix: corrigir teste de soma (recovery apos falha),completed,failure,19.0,lint,15.0,Set up job,1.0,,,,2026-06-08T10:45:42Z,3084f2d,experimento-cicd,5,1
27132421499,3084f2d222e080b4b3552a31c37456446f5268f1,fix: corrigir teste de soma (recovery apos falha),completed,failure,19.0,lint,15.0,Run actions/checkout@v4,1.0,,,,2026-06-08T10:45:42Z,3084f2d,experimento-cicd,5,1
27132421499,3084f2d222e080b4b3552a31c37456446f5268f1,fix: corrigir teste de soma (recovery apos falha),completed,failure,19.0,lint,15.0,Run actions/setup-python@v5,0.0,,,,2026-06-08T10:45:42Z,3084f2d,experimento-cicd,5,1
27132421499,3084f2d222e080b4b3552a31c37456446f5268f1,fix: corrigir teste de soma (recovery apos falha),completed,failure,19.0,lint,15.0,Run actions/cache@v4,0.0,,,,2026-06-08T10:45:42Z,3084f2d,experimento-cicd,5,1
27132421499,3084f2d222e080b4b3552a31c37456446f5268f1,fix: corrigir teste de soma (recovery apos falha),completed,failure,19.0,lint,15.0,Instalar dependencias,10.0,,,,2026-06-08T10:45:42Z,3084f2d,experimento-cicd,5,1
27132421499,3084f2d222e080b4b3552a31c37456446f5268f1,fix: corrigir teste de soma (recovery apos falha),completed,failure,19.0,lint,15.0,Executar flake8,0.0,,,,2026-06-08T10:45:42Z,3084f2d,experimento-cicd,5,1
27132421499,3084f2d222e080b4b3552a31c37456446f5268f1,fix: corrigir teste de soma (recovery apos falha),completed,failure,19.0,lint,15.0,Post Run actions/cache@v4,0.0,,,,2026-06-08T10:45:42Z,3084f2d,experimento-cicd,5,1
27132421499,3084f2d222e080b4b3552a31c37456446f5268f1,fix: corrigir teste de soma (recovery apos falha),completed,failure,19.0,lint,15.0,Post Run actions/setup-python@v5,0.0,,,,2026-06-08T10:45:42Z,3084f2d,experimento-cicd,5,1
27132421499,3084f2d222e080b4b3552a31c37456446f5268f1,fix: corrigir teste de soma (recovery apos falha),completed,failure,19.0,lint,15.0,Post Run actions/checkout@v4,1.0,,,,2026-06-08T10:45:42Z,3084f2d,experimento-cicd,5,1
27132421499,3084f2d222e080b4b3552a31c37456446f5268f1,fix: corrigir teste de soma (recovery apos falha),completed,failure,19.0,lint,15.0,Complete job,0.0,,,,2026-06-08T10:45:42Z,3084f2d,experimento-cicd,5,1
27132421499,3084f2d222e080b4b3552a31c37456446f5268f1,fix: corrigir teste de soma (recovery apos falha),completed,failure,19.0,test,0.0,,,,,,2026-06-08T10:45:42Z,3084f2d,experimento-cicd,5,1
27132410461,08cf188295402d45e6dc6c7167d7729eb3f55c0c,test: adicionar teste falhando propositalmente para experimento,completed,failure,17.0,lint,13.0,Set up job,0.0,,,,2026-06-08T10:45:29Z,08cf188,experimento-cicd,4,1
27132410461,08cf188295402d45e6dc6c7167d7729eb3f55c0c,test: adicionar teste falhando propositalmente para experimento,completed,failure,17.0,lint,13.0,Run actions/checkout@v4,1.0,,,,2026-06-08T10:45:29Z,08cf188,experimento-cicd,4,1
27132410461,08cf188295402d45e6dc6c7167d7729eb3f55c0c,test: adicionar teste falhando propositalmente para experimento,completed,failure,17.0,lint,13.0,Run actions/setup-python@v5,0.0,,,,2026-06-08T10:45:29Z,08cf188,experimento-cicd,4,1
27132410461,08cf188295402d45e6dc6c7167d7729eb3f55c0c,test: adicionar teste falhando propositalmente para experimento,completed,failure,17.0,lint,13.0,Run actions/cache@v4,1.0,,,,2026-06-08T10:45:29Z,08cf188,experimento-cicd,4,1
27132410461,08cf188295402d45e6dc6c7167d7729eb3f55c0c,test: adicionar teste falhando propositalmente para experimento,completed,failure,17.0,lint,13.0,Instalar dependencias,7.0,,,,2026-06-08T10:45:29Z,08cf188,experimento-cicd,4,1
27132410461,08cf188295402d45e6dc6c7167d7729eb3f55c0c,test: adicionar teste falhando propositalmente para experimento,completed,failure,17.0,lint,13.0,Executar flake8,1.0,,,,2026-06-08T10:45:29Z,08cf188,experimento-cicd,4,1
27132410461,08cf188295402d45e6dc6c7167d7729eb3f55c0c,test: adicionar teste falhando propositalmente para experimento,completed,failure,17.0,lint,13.0,Post Run actions/cache@v4,0.0,,,,2026-06-08T10:45:29Z,08cf188,experimento-cicd,4,1
27132410461,08cf188295402d45e6dc6c7167d7729eb3f55c0c,test: adicionar teste falhando propositalmente para experimento,completed,failure,17.0,lint,13.0,Post Run actions/setup-python@v5,0.0,,,,2026-06-08T10:45:29Z,08cf188,experimento-cicd,4,1
27132410461,08cf188295402d45e6dc6c7167d7729eb3f55c0c,test: adicionar teste falhando propositalmente para experimento,completed,failure,17.0,lint,13.0,Post Run actions/checkout@v4,0.0,,,,2026-06-08T10:45:29Z,08cf188,experimento-cicd,4,1
27132410461,08cf188295402d45e6dc6c7167d7729eb3f55c0c,test: adicionar teste falhando propositalmente para experimento,completed,failure,17.0,lint,13.0,Complete job,0.0,,,,2026-06-08T10:45:29Z,08cf188,experimento-cicd,4,1
27132410461,08cf188295402d45e6dc6c7167d7729eb3f55c0c,test: adicionar teste falhando propositalmente para experimento,completed,failure,17.0,test,0.0,,,,,,2026-06-08T10:45:29Z,08cf188,experimento-cicd,4,1
27132398115,d8a15e1d7eaad3d0cf44a854dfe6a79d56b143c2,chore: reexecucao baseline - cache quente,completed,failure,15.0,lint,12.0,Set up job,0.0,,,,2026-06-08T10:45:16Z,d8a15e1,experimento-cicd,3,1
27132398115,d8a15e1d7eaad3d0cf44a854dfe6a79d56b143c2,chore: reexecucao baseline - cache quente,completed,failure,15.0,lint,12.0,Run actions/checkout@v4,1.0,,,,2026-06-08T10:45:16Z,d8a15e1,experimento-cicd,3,1
27132398115,d8a15e1d7eaad3d0cf44a854dfe6a79d56b143c2,chore: reexecucao baseline - cache quente,completed,failure,15.0,lint,12.0,Run actions/setup-python@v5,0.0,,,,2026-06-08T10:45:16Z,d8a15e1,experimento-cicd,3,1
27132398115,d8a15e1d7eaad3d0cf44a854dfe6a79d56b143c2,chore: reexecucao baseline - cache quente,completed,failure,15.0,lint,12.0,Run actions/cache@v4,0.0,,,,2026-06-08T10:45:16Z,d8a15e1,experimento-cicd,3,1
27132398115,d8a15e1d7eaad3d0cf44a854dfe6a79d56b143c2,chore: reexecucao baseline - cache quente,completed,failure,15.0,lint,12.0,Instalar dependencias,8.0,,,,2026-06-08T10:45:16Z,d8a15e1,experimento-cicd,3,1
27132398115,d8a15e1d7eaad3d0cf44a854dfe6a79d56b143c2,chore: reexecucao baseline - cache quente,completed,failure,15.0,lint,12.0,Executar flake8,1.0,,,,2026-06-08T10:45:16Z,d8a15e1,experimento-cicd,3,1
27132398115,d8a15e1d7eaad3d0cf44a854dfe6a79d56b143c2,chore: reexecucao baseline - cache quente,completed,failure,15.0,lint,12.0,Post Run actions/cache@v4,0.0,,,,2026-06-08T10:45:16Z,d8a15e1,experimento-cicd,3,1
27132398115,d8a15e1d7eaad3d0cf44a854dfe6a79d56b143c2,chore: reexecucao baseline - cache quente,completed,failure,15.0,lint,12.0,Post Run actions/setup-python@v5,0.0,,,,2026-06-08T10:45:16Z,d8a15e1,experimento-cicd,3,1
27132398115,d8a15e1d7eaad3d0cf44a854dfe6a79d56b143c2,chore: reexecucao baseline - cache quente,completed,failure,15.0,lint,12.0,Post Run actions/checkout@v4,0.0,,,,2026-06-08T10:45:16Z,d8a15e1,experimento-cicd,3,1
27132398115,d8a15e1d7eaad3d0cf44a854dfe6a79d56b143c2,chore: reexecucao baseline - cache quente,completed,failure,15.0,lint,12.0,Complete job,0.0,,,,2026-06-08T10:45:16Z,d8a15e1,experimento-cicd,3,1
27132398115,d8a15e1d7eaad3d0cf44a854dfe6a79d56b143c2,chore: reexecucao baseline - cache quente,completed,failure,15.0,test,0.0,,,,,,2026-06-08T10:45:16Z,d8a15e1,experimento-cicd,3,1
27132391227,439aacdfb0cfdd7d5bbd7b35276f2abdb30c8772,chore: reexecucao baseline - cache frio,completed,failure,17.0,lint,14.0,Set up job,0.0,,,,2026-06-08T10:45:08Z,439aacd,experimento-cicd,2,1
27132391227,439aacdfb0cfdd7d5bbd7b35276f2abdb30c8772,chore: reexecucao baseline - cache frio,completed,failure,17.0,lint,14.0,Run actions/checkout@v4,1.0,,,,2026-06-08T10:45:08Z,439aacd,experimento-cicd,2,1
27132391227,439aacdfb0cfdd7d5bbd7b35276f2abdb30c8772,chore: reexecucao baseline - cache frio,completed,failure,17.0,lint,14.0,Run actions/setup-python@v5,0.0,,,,2026-06-08T10:45:08Z,439aacd,experimento-cicd,2,1
27132391227,439aacdfb0cfdd7d5bbd7b35276f2abdb30c8772,chore: reexecucao baseline - cache frio,completed,failure,17.0,lint,14.0,Run actions/cache@v4,1.0,,,,2026-06-08T10:45:08Z,439aacd,experimento-cicd,2,1
27132391227,439aacdfb0cfdd7d5bbd7b35276f2abdb30c8772,chore: reexecucao baseline - cache frio,completed,failure,17.0,lint,14.0,Instalar dependencias,9.0,,,,2026-06-08T10:45:08Z,439aacd,experimento-cicd,2,1
27132391227,439aacdfb0cfdd7d5bbd7b35276f2abdb30c8772,chore: reexecucao baseline - cache frio,completed,failure,17.0,lint,14.0,Executar flake8,1.0,,,,2026-06-08T10:45:08Z,439aacd,experimento-cicd,2,1
27132391227,439aacdfb0cfdd7d5bbd7b35276f2abdb30c8772,chore: reexecucao baseline - cache frio,completed,failure,17.0,lint,14.0,Post Run actions/cache@v4,0.0,,,,2026-06-08T10:45:08Z,439aacd,experimento-cicd,2,1
27132391227,439aacdfb0cfdd7d5bbd7b35276f2abdb30c8772,chore: reexecucao baseline - cache frio,completed,failure,17.0,lint,14.0,Post Run actions/setup-python@v5,0.0,,,,2026-06-08T10:45:08Z,439aacd,experimento-cicd,2,1
27132391227,439aacdfb0cfdd7d5bbd7b35276f2abdb30c8772,chore: reexecucao baseline - cache frio,completed,failure,17.0,lint,14.0,Post Run actions/checkout@v4,0.0,,,,2026-06-08T10:45:08Z,439aacd,experimento-cicd,2,1
27132391227,439aacdfb0cfdd7d5bbd7b35276f2abdb30c8772,chore: reexecucao baseline - cache frio,completed,failure,17.0,lint,14.0,Complete job,0.0,,,,2026-06-08T10:45:08Z,439aacd,experimento-cicd,2,1
27132391227,439aacdfb0cfdd7d5bbd7b35276f2abdb30c8772,chore: reexecucao baseline - cache frio,completed,failure,17.0,test,0.0,,,,,,2026-06-08T10:45:08Z,439aacd,experimento-cicd,2,1
27132388334,58fcc84c3b5abba2d2c4e8072b721955c76382ab,feat: setup inicial do projeto com pipeline CI/CD,completed,failure,18.0,lint,15.0,Set up job,1.0,,,,2026-06-08T10:45:05Z,58fcc84,experimento-cicd,1,1
27132388334,58fcc84c3b5abba2d2c4e8072b721955c76382ab,feat: setup inicial do projeto com pipeline CI/CD,completed,failure,18.0,lint,15.0,Run actions/checkout@v4,0.0,,,,2026-06-08T10:45:05Z,58fcc84,experimento-cicd,1,1
27132388334,58fcc84c3b5abba2d2c4e8072b721955c76382ab,feat: setup inicial do projeto com pipeline CI/CD,completed,failure,18.0,lint,15.0,Run actions/setup-python@v5,0.0,,,,2026-06-08T10:45:05Z,58fcc84,experimento-cicd,1,1
27132388334,58fcc84c3b5abba2d2c4e8072b721955c76382ab,feat: setup inicial do projeto com pipeline CI/CD,completed,failure,18.0,lint,15.0,Run actions/cache@v4,1.0,,,,2026-06-08T10:45:05Z,58fcc84,experimento-cicd,1,1
27132388334,58fcc84c3b5abba2d2c4e8072b721955c76382ab,feat: setup inicial do projeto com pipeline CI/CD,completed,failure,18.0,lint,15.0,Instalar dependencias,10.0,,,,2026-06-08T10:45:05Z,58fcc84,experimento-cicd,1,1
27132388334,58fcc84c3b5abba2d2c4e8072b721955c76382ab,feat: setup inicial do projeto com pipeline CI/CD,completed,failure,18.0,lint,15.0,Executar flake8,0.0,,,,2026-06-08T10:45:05Z,58fcc84,experimento-cicd,1,1
27132388334,58fcc84c3b5abba2d2c4e8072b721955c76382ab,feat: setup inicial do projeto com pipeline CI/CD,completed,failure,18.0,lint,15.0,Post Run actions/cache@v4,0.0,,,,2026-06-08T10:45:05Z,58fcc84,experimento-cicd,1,1
27132388334,58fcc84c3b5abba2d2c4e8072b721955c76382ab,feat: setup inicial do projeto com pipeline CI/CD,completed,failure,18.0,lint,15.0,Post Run actions/setup-python@v5,0.0,,,,2026-06-08T10:45:05Z,58fcc84,experimento-cicd,1,1
27132388334,58fcc84c3b5abba2d2c4e8072b721955c76382ab,feat: setup inicial do projeto com pipeline CI/CD,completed,failure,18.0,lint,15.0,Post Run actions/checkout@v4,1.0,,,,2026-06-08T10:45:05Z,58fcc84,experimento-cicd,1,1
27132388334,58fcc84c3b5abba2d2c4e8072b721955c76382ab,feat: setup inicial do projeto com pipeline CI/CD,completed,failure,18.0,lint,15.0,Complete job,0.0,,,,2026-06-08T10:45:05Z,58fcc84,experimento-cicd,1,1
27132388334,58fcc84c3b5abba2d2c4e8072b721955c76382ab,feat: setup inicial do projeto com pipeline CI/CD,completed,failure,18.0,test,-1.0,,,,,,2026-06-08T10:45:05Z,58fcc84,experimento-cicd,1,1
